GPA,Number_Of_Professional_Connections,Major,Graduation_Year,Height,Number_Of_Credits,Number_Of_Parking_Tickets
3.73,9,STEM,2001,65.01,120,0
3.25,23,STEM,2011,68.65,122,0
2.32,22,STEM,1989,69.52,120,1
3.39,11,STEM,1967,68.49,120,0
2.37,8,STEM,2008,68.61,122,2
2.81,106,STEM,1995,68.17,122,0
2.49,15,STEM,2009,67.16,126,4
2.44,11,STEM,2015,71.45,125,2
2.99,7,STEM,1965,69.19,122,0
2.95,16,STEM,2000,69.83,123,2
2.17,6,STEM,1980,70.16,123,1
2.55,0,STEM,1993,70.44,122,5
2.29,11,STEM,1987,66.88,121,1
1.8,22,STEM,1974,72.62,120,1
2.02,6,STEM,1989,69.2,122,1
2.3,19,STEM,1990,67.31,123,2
2.71,5,STEM,1963,65.61,120,3
2.95,11,STEM,1962,64.69,121,1
2.6,4,STEM,1997,67.33,120,0
2.14,29,STEM,1962,71.33,121,0
2.41,10,STEM,1965,68.62,125,3
3.09,61,STEM,1962,72.15,120,0
2.72,1,STEM,1971,68.96,122,0
2,105,STEM,1975,65.05,123,1
2.4,15,STEM,1985,68.49,120,1
2.89,4,STEM,2004,69.17,120,2
2.14,35,STEM,2005,68.82,121,0
2.44,3,STEM,1980,65.71,121,1
1.67,11,STEM,1961,69.92,123,3
2.44,8,STEM,1984,65.82,121,0
3.04,80,STEM,1988,69.71,120,0
2.53,3,STEM,1993,66.34,123,1
2.51,44,STEM,1981,65.28,124,1
2.93,8,STEM,1976,66.73,121,1
3.01,6,STEM,1969,67.87,126,0
2.83,19,STEM,2015,67.17,120,1
2.47,54,STEM,1967,64.58,120,1
2.78,24,STEM,1985,67.18,121,1
2.39,41,STEM,1979,66.48,122,0
2.7,22,STEM,1973,71.47,120,0
2.05,40,STEM,2012,68.85,122,0
3.33,9,STEM,2006,64.88,120,0
1.84,9,STEM,2011,71.59,123,3
2.61,34,STEM,1999,67.76,123,0
1.91,6,STEM,2004,67.11,121,2
1.56,1,STEM,1971,65.51,123,1
2.43,0,STEM,2006,66.14,121,1
2.48,18,STEM,2007,69.24,121,2
2.82,9,STEM,2014,70.92,120,1
3.01,13,STEM,1992,67.76,122,0
1.72,2,STEM,1973,68.3,122,1
3.02,16,STEM,1964,67.94,120,2
1.91,6,STEM,1979,65.83,121,0
1.8,32,STEM,2007,67.47,125,0
2.74,15,STEM,1996,67.37,122,0
2.96,27,STEM,1980,68.37,122,4
2.02,8,STEM,1972,66.78,121,1
2.11,4,STEM,2014,68.06,121,2
2.98,2,STEM,1974,67.85,128,0
2.19,0,STEM,1998,65.48,121,1
2.44,33,STEM,2015,66.59,125,1
2.53,36,STEM,1978,66.08,124,1
2.42,1,STEM,1994,67.4,121,0
2.26,11,STEM,1990,66.09,123,1
2.95,14,STEM,2014,64.59,121,0
3.35,5,STEM,2000,67.55,122,1
2.26,6,STEM,1990,72.44,121,1
2.1,30,STEM,1981,70.69,123,3
3.07,29,STEM,2014,69.46,121,1
2.66,3,STEM,1961,73.12,125,0
1.57,57,STEM,1992,65.15,123,0
3.02,14,STEM,1991,71.02,123,0
3.22,47,STEM,1988,67.65,120,3
2.47,4,STEM,2000,71.18,122,0
1.92,29,STEM,1967,67.38,121,1
2.27,19,STEM,1983,71.47,121,1
2.11,4,STEM,1963,67.03,123,2
2.32,2,STEM,1980,71.16,120,2
4,5,STEM,2011,63.47,123,1
2.39,37,STEM,2005,67.66,121,1
2.25,8,STEM,1980,70.33,120,0
2.57,33,STEM,1973,67.43,121,3
2.4,4,STEM,1964,65.53,121,0
2.24,10,STEM,1973,68.42,122,1
2.77,40,STEM,2006,66.6,120,0
2.37,3,STEM,2012,69.48,121,0
2.66,31,STEM,1978,70.4,123,2
2.71,0,STEM,1978,68.36,122,0
2.17,8,STEM,2007,70.54,122,1
2.16,5,STEM,1964,67.68,120,1
2.62,3,STEM,2015,67.07,121,0
2.57,4,STEM,1979,66.19,121,0
2.78,17,STEM,1962,67.79,122,1
3.27,9,STEM,1996,67.62,120,4
2.66,43,STEM,2015,65.87,127,1
2.23,2,STEM,2007,69.23,120,2
2.26,12,STEM,1994,65.99,123,0
2.3,0,STEM,2013,71.52,120,0
1.85,35,STEM,1971,67.63,120,0
1.25,3,STEM,1979,71.21,120,1
2.35,37,STEM,1988,68.65,121,2
2.89,9,STEM,2001,65.63,122,0
2.35,8,STEM,2011,69.54,124,2
2.52,1,STEM,1968,64.49,122,3
2.36,1,STEM,1986,68.28,125,2
2.56,4,STEM,1966,68.87,122,2
2.69,4,STEM,2002,68.49,120,1
3.12,68,STEM,1974,64.5,120,2
1.88,42,STEM,1969,67.67,122,1
2.19,36,STEM,1965,68.64,121,0
2.73,12,STEM,1991,69.97,123,4
2.61,22,STEM,1969,66.1,121,3
2.66,71,STEM,1998,68.49,122,0
2.75,9,STEM,1963,68.57,121,0
2.86,1,STEM,1970,66.23,121,1
2.22,11,STEM,1979,70.05,124,0
2.57,56,STEM,1961,67.46,121,0
2.58,7,STEM,1980,71.92,120,4
2.18,5,STEM,1984,66.65,124,1
2.38,45,STEM,2014,69.58,125,0
3.07,35,STEM,1997,68,120,0
2.38,51,STEM,1987,69.67,122,1
1.81,30,STEM,1988,72.23,124,0
2.76,2,STEM,2014,70.88,120,1
2.82,22,STEM,2005,68.97,122,0
3.09,17,STEM,2013,68.19,125,1
1.82,20,STEM,2000,67.04,122,0
2.23,33,STEM,1964,68.96,124,1
2.09,28,STEM,1982,71.63,122,1
2.99,9,STEM,1964,66.94,123,0
2.99,53,STEM,1976,67.68,123,0
2.14,10,STEM,1963,72.76,128,0
3.42,36,STEM,2003,67.22,121,0
2.66,1,STEM,1998,65.32,121,1
1.98,8,STEM,1974,64.49,121,2
1.84,5,STEM,2010,66.09,120,1
3.06,5,STEM,1985,67.8,121,0
2.28,3,STEM,1991,67.89,125,4
1.68,17,STEM,2001,66.08,121,0
2,2,STEM,1994,66.46,122,1
2.54,33,STEM,1994,68.89,123,0
2.5,2,STEM,2003,70.52,125,1
2.65,38,STEM,1961,67.21,122,1
2.9,5,STEM,1968,66.17,124,1
2.53,16,STEM,1972,69.34,127,3
2.29,15,STEM,1988,66.13,122,4
2.4,24,STEM,1972,70.31,122,3
2.46,70,STEM,1961,67.21,124,0
2.98,43,STEM,1977,70.04,121,3
1.02,56,STEM,1973,68,120,0
2.21,106,STEM,1972,68.93,120,1
2.96,4,STEM,1998,67.45,121,0
2.71,7,STEM,1988,68.51,120,0
1.84,1,STEM,1982,65.5,120,0
1.61,41,STEM,1991,67.96,127,0
2.19,31,STEM,1983,67.43,124,2
2.54,16,STEM,1974,66.14,123,2
2.06,24,STEM,1994,70.25,122,1
2.34,14,STEM,1982,66.99,123,0
3.13,3,STEM,1991,70.09,127,0
2.51,11,STEM,2011,67.32,121,3
3.35,6,STEM,1966,67.58,120,0
2.7,49,STEM,2010,67.56,123,0
2.72,26,STEM,2006,68.93,124,1
2.31,22,STEM,1982,69.08,121,1
2.51,12,STEM,1982,67.17,127,1
2.17,22,STEM,1993,66.38,123,0
2.62,11,STEM,1977,69.21,121,2
2.76,2,STEM,1998,69.58,121,1
2.08,41,STEM,1966,69.64,122,2
3.47,17,STEM,1991,68.03,121,1
2.29,2,STEM,1980,65.56,122,0
2.21,35,STEM,1975,69.32,121,0
2.78,1,STEM,1999,70.55,120,0
1.89,9,STEM,1983,68.1,122,1
1.77,5,STEM,2013,69.07,120,1
2.2,25,STEM,1979,69.85,124,0
2.5,18,STEM,2000,69.69,121,1
2.65,27,STEM,1985,64.3,124,0
1.94,28,STEM,1963,69.85,122,0
2.13,8,STEM,1982,64.23,120,1
2.84,39,STEM,1998,70.82,123,0
2.79,5,STEM,1970,69.55,122,0
3,2,STEM,2006,69,120,1
2.35,2,STEM,1980,70.54,128,0
2.19,24,STEM,2008,67.4,121,3
2.72,44,STEM,1961,68.92,121,1
2.36,29,STEM,1971,63.68,120,2
1.88,3,STEM,1993,69.46,124,0
1.8,23,STEM,1982,67.47,120,0
2.33,6,STEM,2008,68.42,123,1
2.28,42,STEM,2007,71.28,122,1
2.65,5,STEM,1962,70.43,124,1
2.48,2,STEM,2006,66.72,123,1
2.89,55,STEM,1993,65.68,123,0
1.79,3,STEM,1990,66.83,124,1
1.43,35,STEM,2014,68.94,121,1
1.68,7,STEM,2007,68.83,122,1
2.8,11,STEM,2005,66.32,120,1
1.75,3,STEM,1993,67.46,122,1
2.7,1,STEM,1971,67.84,121,0
2.32,20,STEM,1970,65.11,122,0
2.58,4,STEM,1982,69.19,121,0
2.73,9,STEM,1994,65.64,121,0
2.74,31,STEM,1961,68,122,0
2.18,26,STEM,1977,66.96,121,1
2.73,1,STEM,1981,68.58,121,0
2.63,23,STEM,1968,66.06,120,1
2.66,50,STEM,2011,65.56,121,1
1.99,30,STEM,1988,71.01,125,0
3.19,1,STEM,1983,66.74,121,0
3.17,16,STEM,2015,71.56,122,1
2.84,29,STEM,2004,65.2,122,0
3.19,19,STEM,1964,69.83,123,1
2.28,0,STEM,1975,67.08,122,1
2.59,64,STEM,2007,64.58,127,0
2.92,7,STEM,1996,68.58,122,1
2.05,0,STEM,1995,67.62,122,1
3.31,1,STEM,1998,66.53,121,0
2.52,23,STEM,1981,66.03,121,3
2.62,4,STEM,1971,69.95,121,4
2.39,10,STEM,1992,69.9,121,1
1.54,6,STEM,1986,64.61,120,0
1.97,38,STEM,1970,67.13,120,2
3.08,15,STEM,1990,66.82,129,7
3.1,21,STEM,1975,67.57,120,2
2.14,2,STEM,2004,68.19,120,0
2.16,1,STEM,1987,71.13,120,2
2.5,12,STEM,1984,65.73,123,1
1.72,0,STEM,1989,70.05,121,0
2.39,8,STEM,1992,69.07,120,0
2.28,25,STEM,2001,69.48,120,1
1.83,16,STEM,2004,67.09,122,1
2.59,34,STEM,1993,71.26,120,1
3.49,29,STEM,1988,66.71,124,4
3.63,38,STEM,1998,68.51,121,3
3.04,5,STEM,1962,68.05,121,1
2.06,52,STEM,2010,64.92,121,0
2.23,5,STEM,1971,69.41,122,1
2.46,7,STEM,1990,65.87,122,2
2.75,34,STEM,1985,64.79,124,0
2.36,12,STEM,2004,64.75,121,0
2.17,6,STEM,2005,68.85,121,4
3.24,26,STEM,2014,68.26,122,0
2.25,56,STEM,1968,69.59,125,2
3.12,21,STEM,1980,67.06,124,0
2.01,2,STEM,1987,67.64,121,0
2.59,20,STEM,2005,64.79,122,1
3.38,26,STEM,1982,69.89,121,1
3.8,41,STEM,1966,66.72,123,1
1.74,13,STEM,1991,68.79,121,1
2.97,9,STEM,1981,68.67,123,3
3.09,2,STEM,1988,68.19,124,1
2.17,9,STEM,1961,68.44,121,1
2.21,13,STEM,1977,68.7,124,1
3.34,9,STEM,2008,66.62,123,1
2.42,15,STEM,1998,68.47,120,0
2.6,3,STEM,1969,66.49,121,2
3.23,12,STEM,1999,69.29,127,0
2.71,13,STEM,2015,66.93,122,1
3.51,20,STEM,1985,70.24,120,0
1.56,18,STEM,1964,65.4,120,1
2.25,34,STEM,1999,65.57,121,1
2.44,0,STEM,1961,69.52,120,0
3.37,1,STEM,1989,63.57,120,1
2.37,26,STEM,1976,69.3,121,1
2.33,26,STEM,1976,64.01,121,0
2.48,20,STEM,1969,68.43,121,1
2.41,25,STEM,1996,71.14,121,0
2.07,12,STEM,2014,66.66,121,2
2.04,4,STEM,1993,70.86,122,3
2.26,41,STEM,2013,68.8,121,0
2.4,10,STEM,1979,65.29,120,3
2.41,23,STEM,2001,68.27,124,1
2.41,9,STEM,1999,67.24,124,0
3.17,13,STEM,2014,68.32,123,1
2.35,13,STEM,1970,68.55,121,1
2.52,19,STEM,1989,64.83,120,3
3.38,26,STEM,1971,63.25,125,2
2.22,56,STEM,1988,67.1,120,1
2.79,12,STEM,1975,71.44,121,1
2.2,14,STEM,1962,70.46,124,0
2.38,9,STEM,2013,70.42,124,1
2.36,11,STEM,2007,68.08,120,0
2.23,4,STEM,2004,69.96,121,1
1.53,13,STEM,1964,69.09,122,1
2.21,4,STEM,1976,68.34,120,0
2.65,7,STEM,1977,65.94,122,1
2.53,7,STEM,1975,67.99,124,0
2.06,16,STEM,2011,65.97,123,0
2.59,32,STEM,1976,67.38,121,0
2.78,7,STEM,1984,68.89,121,0
2.7,112,STEM,2002,64.75,125,1
2.21,6,STEM,1987,67.5,122,1
2.06,29,STEM,2000,68.14,123,0
2.52,7,STEM,1995,64.96,122,1
2.27,31,STEM,1985,65.21,121,2
2.88,0,STEM,1978,66.75,123,1
1.98,153,STEM,1999,69.42,122,0
1.54,3,STEM,1968,67.18,122,1
3.53,4,STEM,2007,68.53,120,0
3.2,17,STEM,2004,67.26,122,1
2.81,21,STEM,1985,68.7,122,1
1.76,3,STEM,1976,66.91,125,3
2.84,21,STEM,2014,66.94,121,1
3.28,16,STEM,1965,68.32,123,2
2.5,14,STEM,2007,68.38,120,1
2.89,38,STEM,1961,66.22,126,0
2.77,8,STEM,2012,67.02,124,5
2.71,3,STEM,1981,65.29,120,0
3.35,12,STEM,2003,67.56,121,2
2.8,25,STEM,2014,71.21,120,0
2.5,13,STEM,2008,69.21,123,1
2.43,44,STEM,1995,68.97,121,1
2.5,24,STEM,1973,68.65,122,4
2.46,51,STEM,1961,69.47,125,0
2.39,90,STEM,2004,68.78,120,0
2.78,0,STEM,2000,68.88,124,0
2.84,12,STEM,1999,65.22,123,2
2.91,13,STEM,1965,69.13,120,1
2.85,0,STEM,1988,69.87,121,1
3.22,34,STEM,1987,70.48,121,0
2.09,28,STEM,2008,67.24,121,0
2.12,150,STEM,1975,69.24,121,0
2.18,40,STEM,2002,67.95,120,0
2.4,20,STEM,2007,69.8,129,2
2.94,62,STEM,1976,64.99,121,1
2.93,13,STEM,2015,69.71,121,1
1.85,1,STEM,2015,67.8,125,0
2.85,5,STEM,1968,67.81,123,1
2.45,11,STEM,2010,68.37,120,1
2.37,18,STEM,2003,65.89,121,2
2.02,27,STEM,2007,66.31,121,1
3,62,STEM,1979,67.74,122,2
1.91,10,STEM,2001,68.07,120,3
2.95,26,STEM,2003,69.02,120,0
2.51,28,STEM,1961,66.95,121,2
2.59,1,STEM,1995,66.91,121,1
3.39,35,STEM,1974,72.16,122,1
2.45,19,STEM,2010,68.73,120,0
3.2,4,STEM,2008,64.14,124,2
2.27,7,STEM,1988,66.43,122,0
2.8,75,STEM,1968,67.05,124,2
3.05,84,STEM,2007,67.68,121,0
2.91,6,STEM,1990,65.03,124,0
3.02,12,STEM,2003,64.65,121,1
1.44,16,STEM,1980,68.32,122,2
2.65,36,STEM,2008,66.55,121,0
2.74,15,STEM,1992,67.38,121,1
2.08,8,STEM,1978,66.77,120,1
2.84,8,STEM,2015,71.44,121,1
2.34,11,STEM,1997,69.1,121,1
2.38,22,STEM,1966,67.65,121,1
1.88,1,STEM,1969,70.41,121,0
3.1,6,STEM,2013,69.08,122,2
2.71,2,STEM,1978,69.19,122,0
2.45,11,STEM,1969,68.54,122,1
2.65,1,STEM,1971,68.82,121,1
2.02,11,STEM,1997,67.58,123,0
2.3,17,STEM,1962,68.08,121,2
2.76,12,STEM,1984,68.16,120,0
1.93,27,STEM,1995,67.22,123,0
1.38,4,STEM,2006,69.7,121,0
2.38,1,STEM,2014,71.28,124,3
2.35,71,STEM,1977,69.17,123,1
2.93,21,STEM,1974,68.03,129,2
2.07,10,STEM,2011,72.36,121,0
2.33,29,STEM,2000,67.27,123,1
2.83,0,STEM,1965,69.99,122,0
1.89,34,STEM,2005,67.54,121,0
2.7,2,STEM,2006,68.21,121,1
3.19,15,STEM,1962,66.43,127,1
2.61,2,STEM,1964,67.42,124,2
2.24,8,STEM,1996,65.76,122,4
2.21,0,STEM,1978,67.76,120,0
2.45,18,STEM,1963,70.77,122,2
1.91,6,STEM,2013,66.58,120,2
2.51,37,STEM,1993,69.72,121,0
2.67,13,STEM,1971,65.7,124,0
2.64,1,STEM,1993,70.01,125,2
3.3,6,STEM,1974,66.43,124,0
2.52,26,STEM,2010,69.86,121,0
2.63,1,STEM,1962,66.29,124,0
2.03,8,STEM,1993,67.61,121,2
2.29,46,STEM,1997,67.49,120,1
2.73,5,STEM,1991,66.98,123,2
2.33,9,STEM,1993,68.14,120,0
3.06,27,STEM,2004,71.76,123,2
2.75,9,STEM,1966,69.35,123,0
3.09,13,STEM,1987,67.06,120,3
2.38,24,STEM,2013,67.82,124,1
2.36,18,STEM,1985,69.2,121,0
3.11,21,STEM,2000,66.01,123,0
2.25,18,STEM,1966,65.31,121,0
2.24,13,STEM,1969,67.56,121,1
2.24,3,STEM,1988,67.43,123,0
2.61,25,STEM,1965,66.36,122,1
1.95,9,STEM,1990,67.19,121,0
2.5,43,STEM,1986,65.93,122,2
2.5,4,STEM,1985,68.63,123,1
1.97,21,STEM,1969,64.86,125,2
2.67,49,STEM,2006,67.49,123,1
1.64,50,STEM,1993,67.03,122,0
2.67,3,STEM,1987,70.23,122,1
2.85,2,STEM,1974,69.83,120,1
2.68,40,STEM,1995,67,123,1
2.59,32,STEM,1973,69.53,121,0
2.69,4,STEM,1982,74.62,121,0
2.06,2,STEM,2011,67.15,120,1
2.29,23,STEM,1979,67.7,120,3
2.54,0,STEM,1990,65.9,120,0
3.43,27,STEM,1996,68.55,125,2
2.59,8,STEM,1969,66.22,121,4
2.53,25,STEM,1983,67.03,121,4
3.08,4,STEM,2005,69.25,121,1
2.5,5,STEM,1968,71.94,120,5
2.63,2,STEM,2003,69.99,121,0
1.49,41,STEM,2012,71.03,124,0
2.77,0,STEM,2014,66.87,122,1
2.18,58,STEM,1968,64.28,121,0
3,14,STEM,1994,63.79,121,3
2.3,5,STEM,2001,71.07,121,0
2.59,23,STEM,1994,67.44,121,1
2.78,14,STEM,2006,70.27,121,1
2.23,19,STEM,1986,66.29,122,3
2.88,3,STEM,1974,66.51,122,0
2.1,2,STEM,1975,65.96,123,1
1.77,2,STEM,1969,67.37,120,1
1.88,9,STEM,1969,64.55,120,1
1.9,5,STEM,2010,66.16,121,0
2.37,9,STEM,2011,68.1,121,1
2.59,8,STEM,1966,69.12,125,1
2.69,121,STEM,1993,67.85,120,1
2.74,12,STEM,2013,70.54,121,0
2.23,18,STEM,1982,68.5,122,2
2.19,45,STEM,2008,64.47,121,1
2.54,3,STEM,1992,71.63,124,0
2.66,18,STEM,1992,70.61,122,1
2.02,0,STEM,1983,68.75,121,0
2.18,30,STEM,1977,66.82,121,0
2.41,2,STEM,1978,67.95,121,1
1.63,24,STEM,1967,70.67,122,2
2.63,30,STEM,2005,66.03,120,3
2.11,24,STEM,1976,68.65,121,1
2.45,38,STEM,2015,66.63,122,1
2.52,15,STEM,1971,65.97,122,2
2.11,30,STEM,1971,69.69,123,0
3.19,3,STEM,1986,68.13,121,4
2.78,18,STEM,1968,68.14,122,3
2.64,4,STEM,1970,67.26,123,0
2.17,2,STEM,2000,66.4,121,0
2.26,12,STEM,1986,70.08,123,3
1.64,14,STEM,2003,70.99,123,0
2.11,29,STEM,1982,64.8,121,1
2.35,26,STEM,2009,65.75,126,0
2.28,0,STEM,1978,66.06,123,4
2.74,3,STEM,1974,68.48,121,1
2.83,5,STEM,2005,65.8,121,4
1.84,26,STEM,1974,67.7,124,0
1.75,1,STEM,1995,68.23,121,0
2.3,29,STEM,1977,67.7,122,1
2.33,3,STEM,2007,69.01,122,0
3.05,53,STEM,1962,65.94,124,2
2.95,9,STEM,2015,68.78,124,1
2.31,36,STEM,1991,70.35,123,1
2.55,5,STEM,1973,68.23,120,3
2.57,44,STEM,1970,67.5,120,1
2.85,1,STEM,1975,69.28,125,0
2.78,61,STEM,1989,66.27,122,0
2.66,15,STEM,1999,66.89,120,0
1.89,34,STEM,1998,66.32,121,1
2.49,9,STEM,2004,66.93,128,0
2.01,14,STEM,1972,67.22,124,6
2.26,40,STEM,2011,69.26,124,0
3.43,26,STEM,1970,69.64,127,1
2.79,21,STEM,1977,66.27,121,0
2.49,1,STEM,1991,69.12,120,1
2.07,4,STEM,2003,67.84,121,0
2.37,1,STEM,1963,67.85,120,1
2.57,10,STEM,1982,67.63,121,0
2.34,2,STEM,1965,69.78,129,0
3.46,14,STEM,1992,70.65,121,0
2.62,5,STEM,1977,66.46,122,0
2.57,7,STEM,2007,67.3,122,0
2.48,39,STEM,1994,70.13,120,1
1.93,55,STEM,1980,72.41,121,0
2.44,10,STEM,2002,67.75,122,1
2.67,21,STEM,1966,62.33,123,0
2.55,9,STEM,1985,68.47,121,1
3.02,39,STEM,1998,67.29,122,0
3.33,18,STEM,2004,70.15,122,0
2.73,28,STEM,1969,67.82,123,0
2.28,2,STEM,1976,68.39,121,1
2.46,12,STEM,1979,70.53,120,1
3.03,21,STEM,1989,67.21,121,3
2.19,26,STEM,2005,69,120,0
2.81,24,STEM,2004,69.27,121,1
2.11,64,STEM,1967,70.14,121,0
1.23,3,STEM,1997,66.14,125,0
2.27,13,STEM,1986,71.75,121,0
2.44,2,STEM,2009,69.18,128,1
3.01,56,STEM,1999,68.86,124,1
2.87,17,STEM,1961,65.97,123,1
2.65,9,STEM,1985,66.32,120,2
1.79,12,STEM,2002,67.72,125,2
1.82,23,STEM,1993,68.11,120,1
2.51,9,STEM,1974,68.4,121,1
2.94,34,STEM,1988,67.75,124,1
1.99,17,STEM,1963,67.16,121,3
1.94,5,STEM,2000,67.33,122,2
1.97,25,STEM,2011,69.42,120,0
2.71,10,STEM,1982,66.07,125,1
2.61,2,Humanities,1980,69.08,123,2
1.81,12,Humanities,2013,70.64,128,1
2.16,5,Humanities,1974,68.05,124,1
2.5,23,Humanities,1980,68.25,122,1
2.32,17,Humanities,1987,69.73,123,0
3.29,84,Humanities,1971,67.77,120,0
3.02,0,Humanities,1972,68.22,120,2
2.47,18,Humanities,1999,69.93,126,1
2.14,39,Humanities,2009,71.78,123,1
2.73,12,Humanities,2015,68.43,121,1
1.75,44,Humanities,2002,67.66,125,0
2.73,10,Humanities,2002,67.34,123,1
2.92,4,Humanities,1987,74.42,121,2
2.14,0,Humanities,1968,68.6,120,1
2.94,42,Humanities,1984,67.34,121,0
1.7,43,Humanities,1993,66.6,122,0
2.52,3,Humanities,1969,71.32,124,1
2.69,8,Humanities,2001,65,122,3
2.64,1,Humanities,1981,64.66,121,1
2.31,45,Humanities,1999,66.79,121,0
2.69,12,Humanities,1996,65.81,120,0
2.69,12,Humanities,1973,70.89,121,1
2.56,20,Humanities,1988,67.54,121,1
2.06,34,Humanities,2011,68.17,121,1
2.95,2,Humanities,1991,67.2,120,0
3.14,17,Humanities,1989,70.31,126,0
3.63,21,Humanities,1989,69.54,120,0
1.96,20,Humanities,1963,63.94,120,0
2.86,105,Humanities,2010,66.11,121,3
2.09,37,Humanities,1984,64.76,121,1
2.94,1,Humanities,1991,69.73,120,0
2.86,10,Humanities,2006,70.03,124,4
1.97,5,Humanities,2011,69.69,121,2
2.31,7,Humanities,1981,71.82,120,1
2.23,23,Humanities,1987,66.63,124,0
2.84,52,Humanities,2007,65.85,121,0
3.31,13,Humanities,1993,66.92,120,1
2,12,Humanities,1970,69.71,121,1
2.42,23,Humanities,1997,67.32,122,1
2.36,42,Humanities,1988,66.22,124,2
3.55,3,Humanities,1985,68.39,121,0
2,2,Humanities,1978,68.32,120,0
2.53,118,Humanities,2004,68.17,121,0
1.99,13,Humanities,2012,65.59,121,3
3.06,32,Humanities,1961,67.99,120,1
3.58,7,Humanities,1973,67.11,120,1
1.54,5,Humanities,1977,71.41,122,0
2.59,11,Humanities,1983,68.41,120,0
2.47,8,Humanities,1975,69.11,120,0
1.99,26,Humanities,1978,65.64,120,2
2.39,2,Humanities,2014,69.02,120,1
2.8,34,Humanities,2008,65.04,120,1
1.81,1,Humanities,1968,68.12,121,1
1.62,26,Humanities,2015,66.94,126,1
2.8,12,Humanities,1964,69.12,121,0
2.04,19,Humanities,1971,69.18,124,2
2.33,1,Humanities,1964,66.7,120,2
2.04,19,Humanities,1989,67.31,121,2
2.04,21,Humanities,2012,67.96,121,4
2.98,2,Humanities,1971,66.13,121,0
3.55,11,Humanities,1964,67.72,121,2
1.93,20,Humanities,2015,66.17,125,0
2.36,33,Humanities,1982,72.05,122,1
2.77,12,Humanities,1972,68.39,122,3
2.56,21,Humanities,2005,66.72,120,0
2.3,75,Humanities,2015,67.74,121,0
3.04,10,Humanities,1962,67.63,120,1
2.63,27,Humanities,1966,67.47,120,2
2.14,19,Humanities,2014,68.63,121,0
2.62,8,Humanities,1965,69.09,124,0
3.48,11,Humanities,2000,64.9,120,1
3.21,49,Humanities,2002,68.26,122,1
3.25,2,Humanities,1971,67.65,121,0
2.43,5,Humanities,1977,65.64,121,1
2.03,99,Humanities,2008,61.2,120,0
1.97,9,Humanities,1997,68.59,121,5
2.11,7,Humanities,1965,66.28,123,0
3.05,5,Humanities,1995,66.73,121,1
1.96,6,Humanities,1984,66.03,123,0
3.04,36,Humanities,2002,65.7,123,0
2.7,5,Humanities,2002,69.17,126,1
2.64,30,Humanities,1989,68.92,121,0
1.94,48,Humanities,2014,69.07,122,3
1.92,20,Humanities,1981,67.13,126,1
2.67,13,Humanities,1986,66.67,123,0
1.48,2,Humanities,1991,69.43,120,1
2.42,10,Humanities,2002,67.57,123,2
2.13,27,Humanities,2015,69.31,120,1
1.77,30,Humanities,1997,71.39,121,1
2.96,29,Humanities,1969,71.9,124,2
2.61,12,Humanities,1977,68.27,120,0
1.79,26,Humanities,2012,65.13,121,2
2.38,14,Humanities,1978,68.31,122,1
1.4,11,Humanities,1961,71.21,122,0
2.54,7,Humanities,1997,67.7,123,1
2.49,5,Humanities,1966,71.14,121,0
2.23,23,Humanities,1984,67.57,122,0
2.01,5,Humanities,1997,67.31,124,1
2.18,13,Humanities,1966,67.06,120,1
2.12,13,Humanities,2006,69.8,120,2
1.89,19,Humanities,1968,71.12,120,0
2.68,64,Humanities,2015,70.29,120,1
2.96,9,Humanities,2002,69.78,123,3
2.4,14,Humanities,1990,67.68,122,1
2.61,2,Humanities,2010,71.17,122,2
2.37,19,Humanities,1970,66.65,120,0
2.51,20,Humanities,2002,69.86,121,1
2.57,6,Humanities,1963,68.65,123,0
1.91,77,Humanities,1995,65.96,120,1
3.52,15,Humanities,1977,67.88,123,0
2.93,25,Humanities,1990,66.77,122,2
2.2,19,Humanities,1992,66.46,122,0
2.09,37,Humanities,1980,68.52,126,0
2.1,11,Humanities,2013,66.82,120,4
2.95,5,Humanities,1968,68.78,122,0
2.59,21,Humanities,1998,70.52,120,3
3.27,4,Humanities,1962,68.51,120,0
2.89,9,Humanities,2008,70.09,122,1
1.63,13,Humanities,2005,66.56,121,1
2.26,44,Humanities,1962,66.64,121,1
2.8,16,Humanities,1987,68.19,121,0
2.14,14,Humanities,2012,67.21,122,0
3.17,24,Humanities,1991,67.02,122,0
2.77,6,Humanities,2002,67.28,120,1
1.92,34,Humanities,1991,64.08,121,1
2.24,1,Humanities,1967,70.21,121,0
2.37,28,Humanities,1998,64.86,122,0
2.64,32,Humanities,1967,71.16,123,0
3.3,27,Humanities,2002,69.62,121,0
2.67,87,Humanities,1996,67,122,1
2.15,7,Humanities,2002,68.16,120,0
2.33,22,Humanities,1976,71.47,120,0
1.94,16,Humanities,1972,65.34,120,2
2.15,18,Humanities,1968,68.04,126,1
2.16,16,Humanities,1967,66.08,120,1
2.33,5,Humanities,2003,70.04,121,0
2.23,0,Humanities,1990,68.84,121,0
2.93,22,Humanities,1986,70.37,120,0
3.1,29,Humanities,1991,70.23,120,0
3.03,12,Humanities,2015,68.04,122,1
2.84,38,Humanities,1968,66.56,123,0
2.87,9,Humanities,1981,68.02,123,0
3.18,9,Humanities,1970,68.67,121,0
2.41,29,Humanities,1964,67.7,120,1
2.67,65,Humanities,1992,73.34,123,1
2.84,74,Humanities,1988,65.55,120,1
2.08,32,Humanities,2015,70.27,121,1
2.67,0,Humanities,1982,67.43,121,1
2.33,52,Humanities,2009,67.09,122,4
1.95,7,Humanities,1992,65.95,123,0
2.2,23,Humanities,2003,73.92,120,1
2.05,11,Humanities,2010,69.87,126,1
2.74,24,Humanities,2009,68.82,121,0
2.55,0,Humanities,1991,70.37,122,1
2.63,9,Humanities,1983,65.86,123,5
3.43,5,Humanities,1964,68.01,120,1
2.78,11,Humanities,2000,63.43,120,2
3.11,17,Humanities,1976,67.63,121,0
1.96,0,Humanities,2013,68.6,124,0
2.17,10,Humanities,1992,67.86,120,1
3.15,30,Humanities,1978,67.77,122,3
1.57,1,Humanities,2000,64.82,122,0
3.4,42,Humanities,1999,68.24,122,2
2.53,33,Humanities,1968,71.42,125,1
2.71,0,Humanities,2004,67.81,121,1
2.65,4,Humanities,1995,68.71,123,1
1.46,8,Humanities,2006,67.94,124,0
2.19,24,Humanities,2004,69.25,120,1
2.71,11,Humanities,1963,66.52,121,0
2.93,14,Humanities,2010,63.88,120,0
3.24,40,Humanities,1972,68.56,120,0
2.43,29,Humanities,2001,66.64,121,2
2.46,65,Humanities,1967,69.6,124,2
2.04,9,Humanities,1983,67.06,120,1
2.05,2,Humanities,2015,68.35,121,0
2.49,4,Humanities,2010,73.94,122,0
2.9,8,Humanities,1991,70,130,1
2.42,51,Humanities,1966,67.91,127,1
2.4,38,Humanities,2010,66.65,122,1
3.41,9,Humanities,1994,68.68,121,1
2.28,4,Humanities,1994,69.5,121,0
2.34,28,Humanities,2013,65.13,122,3
2.6,20,Humanities,2004,71.16,120,1
3.08,10,Humanities,1989,68.92,123,0
2.66,26,Humanities,1983,67.12,123,1
2.04,5,Humanities,2012,69.46,125,0
2.06,1,Humanities,1974,64.93,124,1
2.38,55,Humanities,1979,69,121,2
1.72,21,Humanities,1999,68.11,120,3
2.62,35,Humanities,1963,65.71,121,0
2.29,36,Humanities,1995,68.16,120,1
3.77,30,Humanities,1973,66,125,0
1.95,11,Humanities,2002,66.8,120,0
2.75,34,Humanities,2007,69.37,120,2
2.35,1,Humanities,1991,70.16,120,1
2.76,16,Humanities,1975,67.43,121,1
1.74,1,Humanities,1968,68.13,123,3
2.43,32,Humanities,1996,67.89,121,2
2.4,8,Humanities,1963,70.94,121,1
3.22,10,Humanities,2002,62.92,124,1
2.67,3,Humanities,1987,66.15,120,1
2.18,20,Humanities,2009,69.3,122,1
2.71,3,Humanities,1979,70.39,121,1
2.75,2,Humanities,1962,66.85,121,1
2.47,15,Humanities,1997,68.24,120,0
2.47,0,Humanities,1998,66.7,123,3
1.89,75,Humanities,2012,71.13,121,1
2.9,13,Humanities,1997,64.74,120,0
3.19,15,Humanities,1977,65.25,121,2
2.49,7,Humanities,1994,64.92,120,0
3.47,59,Humanities,1972,66.99,123,1
2.21,35,Humanities,1990,72.23,121,0
2.65,43,Humanities,1999,69.52,121,0
2.28,75,Humanities,1995,69.13,123,0
1.89,1,Humanities,2010,68.72,123,0
2.26,1,Humanities,1972,70.32,121,2
2.67,19,Humanities,1998,67.51,121,1
1.66,6,Humanities,2011,69.24,125,0
2.49,17,Humanities,1970,68.69,120,0
3,21,Humanities,1975,68.37,121,2
2.25,6,Humanities,1999,71.96,122,0
2.12,9,Humanities,1999,67.55,126,2
2.5,21,Humanities,1982,69.11,120,0
2.6,33,Humanities,1979,68.93,120,1
2.33,20,Humanities,1973,65.15,121,0
2.74,68,Humanities,1967,67.99,122,1
2.43,11,Humanities,2003,68.53,127,2
2.37,10,Humanities,1978,70.57,127,3
2.01,15,Humanities,2012,71.11,125,5
2.38,6,Humanities,2006,65.88,126,1
2.42,6,Humanities,1971,70.03,121,0
2.64,15,Humanities,1998,65.85,120,1
1.9,137,Humanities,2013,67.16,121,1
2.84,19,Humanities,1991,65.37,122,0
2.21,12,Humanities,2013,68.98,121,0
2.17,18,Humanities,1986,68.52,122,1
2.39,3,Humanities,2014,67.94,120,1
2.21,7,Humanities,2008,69.65,127,1
2.21,49,Humanities,1968,67.12,121,0
2.77,15,Humanities,1997,66.82,121,0
2.38,18,Humanities,1971,66.29,122,1
2.22,18,Humanities,2003,66.93,125,0
3.46,1,Humanities,1968,68.5,121,1
2.01,1,Humanities,1971,64.63,121,0
2.15,46,Humanities,1994,70.13,122,0
2.99,9,Humanities,2001,67.71,134,0
2.66,2,Humanities,1975,67.5,124,1
2.82,10,Humanities,1970,63.3,122,0
2.3,25,Humanities,1996,67.74,122,0
2.79,17,Humanities,1994,66.09,123,5
2.96,9,Humanities,1989,66.22,120,1
3.07,74,Humanities,1983,67.02,120,0
3.22,31,Humanities,1967,67.77,122,0
2.27,28,Humanities,1982,65.89,121,1
2.14,6,Humanities,1962,69.07,121,3
2.2,11,Humanities,1992,64.74,122,0
2.63,18,Humanities,1977,68.62,120,0
3.43,1,Humanities,1967,66.2,122,3
2.56,0,Humanities,2000,65.2,123,0
2.21,23,Humanities,1983,66.64,120,3
2.44,2,Humanities,1972,65.45,125,1
2.4,9,Humanities,1965,67.75,126,2
2.7,9,Humanities,1962,64.75,123,0
1.95,6,Humanities,2013,71.63,122,3
2.41,65,Humanities,1983,67.14,121,1
3.13,6,Humanities,1986,69.21,123,2
2.83,25,Humanities,1992,70.63,121,1
2.34,42,Humanities,1964,68.29,121,3
1.88,6,Humanities,2005,69.21,125,0
2.61,49,Humanities,1962,66.88,122,0
2.59,47,Humanities,1994,70.38,122,1
2.76,38,Humanities,1971,70.95,121,4
2.31,18,Humanities,2006,68.04,120,1
2.97,6,Humanities,1969,70.66,122,0
2.67,22,Humanities,2012,68.97,121,2
3.01,37,Humanities,1976,66.86,123,1
2.74,22,Humanities,1990,67.65,122,1
2.54,26,Humanities,2000,67.51,121,0
2.83,7,Humanities,1981,68.53,122,1
2.69,32,Humanities,1987,68.7,121,1
1.85,14,Humanities,2014,63.7,122,1
2.08,3,Humanities,2013,66.36,123,0
2.31,25,Humanities,1985,68.29,120,4
2.63,10,Humanities,2012,67.57,123,0
1.56,38,Humanities,1963,68.58,120,1
3.04,2,Humanities,1965,70.65,121,0
3.44,106,Humanities,1968,69.07,121,0
2.88,41,Humanities,1988,65.09,124,1
2.01,1,Humanities,1981,66.07,121,1
2.71,18,Humanities,1969,67.47,122,0
2.81,4,Humanities,1975,70.05,125,0
2.14,8,Humanities,1983,68.11,124,0
2.64,11,Humanities,1985,73.66,120,0
2.6,32,Humanities,1962,72.12,126,1
2.44,53,Humanities,2004,69.37,122,0
3.13,3,Humanities,1965,66.67,127,0
1.08,10,Humanities,2015,69.5,122,0
2.42,8,Humanities,1996,69.94,122,1
2.51,6,Humanities,1980,68.03,123,1
2.4,1,Humanities,1994,67.91,122,0
2.99,17,Humanities,2013,66.17,123,4
2.16,43,Humanities,1995,67.44,120,1
1.63,2,Humanities,1962,69.11,120,0
2.37,18,Humanities,2007,66.91,122,1
1.99,8,Humanities,1972,69.16,120,0
2.18,4,Humanities,2015,66.66,121,1
2.6,7,Humanities,2014,63.07,121,0
2.9,52,Humanities,1970,67.91,121,3
1.66,22,Humanities,1990,66.1,121,1
2.42,25,Humanities,2001,64.87,123,1
2.95,25,Humanities,1993,68.6,121,1
1.68,10,Humanities,1991,65.36,122,0
2.58,7,Humanities,1964,65.17,123,0
2.71,13,Humanities,2004,68.11,121,0
3.71,2,Humanities,1985,66.63,122,0
1.63,41,Humanities,1995,71.12,120,0
2.43,1,Humanities,1981,70.01,121,2
3.13,4,Humanities,1970,69.23,121,2
2.32,8,Humanities,1966,65.7,122,0
3.34,30,Humanities,1966,67.19,120,1
2.19,11,Humanities,1979,66.82,120,0
2.95,46,Humanities,1991,66.9,121,1
2.86,29,Humanities,1962,67.29,124,1
2.32,9,Humanities,2008,67.42,122,0
2.45,25,Humanities,2007,69.42,120,1
2.07,26,Humanities,1990,65.03,121,0
2.56,2,Humanities,2000,65.73,121,1
2.49,11,Humanities,1973,67.11,124,2
2.41,0,Humanities,1979,66.8,127,0
3.18,9,Humanities,2009,67.91,120,0
2.41,29,Humanities,1973,65.41,124,1
2.63,7,Humanities,1990,62.36,121,1
2.74,7,Humanities,2006,68.91,121,0
2.73,57,Humanities,1992,67.29,121,0
2.34,93,Humanities,2003,66.26,122,0
1.91,24,Humanities,2010,65.91,123,1
2.24,16,Humanities,1978,65.89,122,3
3.42,28,Humanities,1982,72.85,123,3
2.56,3,Humanities,1969,71.95,123,0
2.17,14,Humanities,2002,70.44,125,0
2.84,14,Humanities,1982,68.33,125,1
2.8,13,Humanities,1975,69.22,123,1
1.93,48,Humanities,1974,65.93,121,1
2.25,8,Humanities,1989,64.74,120,1
2.24,30,Humanities,1990,70.56,123,0
2.71,16,Humanities,1983,71.66,120,1
1.73,20,Humanities,1964,69.23,121,2
2.68,23,Humanities,2004,65.83,120,1
2.83,2,Humanities,2012,64.44,125,2
3.06,38,Humanities,1996,67.88,121,1
2.36,41,Humanities,2004,66.27,120,1
2.7,15,Humanities,1986,68.52,126,0
3.12,12,Humanities,2008,69.18,121,0
2.34,22,Humanities,1984,68.37,121,1
1.78,5,Humanities,1990,68.66,121,7
3.15,17,Humanities,2005,68.52,129,1
3.41,6,Humanities,1965,66.5,121,3
2.67,1,Humanities,1976,75.89,126,0
2.56,29,Humanities,2000,67.95,122,1
2.93,3,Humanities,1997,69.33,121,1
2.46,40,Humanities,1992,70.19,123,0
3.02,1,Humanities,1981,68.12,121,1
3.08,9,Humanities,1998,64.94,121,1
3.16,40,Humanities,1962,65.65,129,0
2.95,17,Humanities,2004,64.22,123,1
2.77,73,Humanities,1985,66.37,121,1
2.44,5,Humanities,1981,68.7,122,2
1.98,29,Humanities,1986,68.49,121,0
2.86,9,Humanities,1970,65.25,121,1
1.54,11,Humanities,2012,67.24,123,0
2.76,4,Humanities,1978,68.8,120,0
3.11,24,Humanities,1975,67.4,122,1
3.14,23,Humanities,1978,70.62,121,1
2.48,54,Humanities,1973,66.7,125,0
2.42,8,Humanities,1968,68.26,121,1
2.09,21,Humanities,1977,68.42,123,0
2.58,7,Humanities,1964,67.88,120,1
1.41,16,Humanities,1992,68.59,121,0
1.9,5,Humanities,1990,68.12,120,0
2.46,7,Humanities,2003,72.62,124,0
2.85,50,Humanities,2011,70.46,120,0
2.21,29,Humanities,1990,67.37,122,4
2.23,7,Humanities,1979,67.14,121,0
3.14,8,Humanities,2011,67.18,121,1
2.78,20,Humanities,1977,66.28,121,1
2.82,2,Humanities,2006,71.09,121,0
2.71,1,Humanities,1982,72.74,123,1
2.99,35,Humanities,2006,63.04,122,0
1.57,19,Humanities,1985,71.36,121,0
2.48,4,Humanities,2001,67.42,122,1
2.89,6,Humanities,2009,66.52,121,4
2.37,1,Humanities,1992,65.49,122,4
3.11,42,Humanities,1998,68.71,120,1
2.64,16,Humanities,1972,68.03,121,1
1.64,1,Humanities,1962,65.68,128,0
2.91,2,Humanities,1968,66.64,121,1
2.91,10,Humanities,2002,66.17,122,1
2.81,4,Humanities,1980,67.42,126,0
2.65,43,Humanities,1970,69.22,121,0
1.46,2,Humanities,1994,68.05,120,0
3,25,Humanities,1989,68.05,121,1
1.97,35,Humanities,1963,66.63,125,0
2.1,10,Humanities,1992,71.4,124,0
1.16,26,Humanities,1962,64.49,123,2
2.48,3,Humanities,1977,67.62,120,3
2.04,22,Humanities,1975,64.82,121,0
2.5,9,Humanities,1981,69.57,124,2
2.6,20,Humanities,2011,65.72,124,0
2.33,9,Humanities,1962,71.85,121,2
2.28,11,Humanities,1981,71.29,123,0
2.43,15,Humanities,2003,66.86,122,1
1.83,9,Humanities,1973,68.94,120,0
2.84,18,Humanities,1970,63.86,121,2
2.14,10,Humanities,1972,69.14,124,1
2.53,30,Humanities,1996,68.31,125,3
1.95,4,Humanities,2009,70.31,122,0
2.23,1,Humanities,2012,71.13,122,2
2.82,22,Humanities,2011,63.95,121,1
1.86,36,Humanities,1982,67.53,121,0
2.18,41,Humanities,1997,67.09,121,1
2.59,23,Humanities,1972,69.28,121,4
2.81,13,Humanities,1980,68.93,120,1
1.88,46,Humanities,1991,70.08,121,0
2.79,37,Humanities,1969,67.1,121,0
1.94,13,Humanities,2015,66.04,120,0
3.17,29,Humanities,1967,67.58,122,1
2.71,27,Humanities,2004,71.03,122,0
2.6,16,Humanities,1973,67.27,121,2
3.04,17,Humanities,2000,67.3,120,0
2.2,5,Humanities,1978,69.12,120,2
2.99,37,Humanities,1982,66.35,121,0
2.05,18,Humanities,2004,65.24,122,1
3.15,3,Humanities,1987,70.62,125,1
3.57,75,Humanities,1998,65.51,121,1
3.16,27,Humanities,2014,72.34,120,0
1.99,45,Humanities,1962,66.43,121,1
2.33,3,Humanities,2008,68.33,122,1
3.01,4,Humanities,2006,66.65,123,2
2.02,7,Humanities,1989,65.35,122,0
3.1,6,Humanities,1969,69.43,120,2
3.25,9,Humanities,1975,69.95,121,1
2.14,66,Humanities,2008,67.29,122,1
2.36,34,Humanities,1978,69.81,123,0
2.16,14,Humanities,1992,65.81,123,1
2.53,12,Humanities,1970,66.7,121,1
2.93,28,Humanities,2001,67.01,123,0
3.12,9,Humanities,1985,69.43,127,0
2.23,2,Humanities,1979,69.09,121,4
2.45,18,Humanities,1965,71.71,121,6
1.95,20,Humanities,1986,64.6,123,1
1.87,32,Humanities,2014,68.99,120,0
2.85,10,Humanities,2015,67.43,122,1
2.48,91,Humanities,2005,66.79,122,0
1.56,12,Humanities,1985,68.29,121,0
1.68,6,Humanities,1979,69.98,122,2
2.75,25,Humanities,1985,65.41,121,1
2.45,11,Humanities,2000,69.91,121,1
2.17,96,Humanities,1969,68.53,124,2
1.83,24,Humanities,1984,66.72,121,1
2.9,9,Humanities,1987,66.94,123,2
1.66,41,Humanities,1990,65.13,122,1
2.18,5,Humanities,1976,69.53,122,2
3.07,8,Humanities,1970,67.84,122,1
2.51,21,Humanities,1987,68.42,121,0
2.5,11,Humanities,1964,64.73,124,1
1.88,5,Humanities,1962,64.21,120,0
2.3,13,Humanities,1995,67.47,127,0
1.98,28,Humanities,1965,69.27,120,1
1.92,6,Humanities,1965,68.67,122,2
2.85,7,Humanities,2001,68.04,124,0
2.98,9,Humanities,1979,70.05,122,0
2.88,25,Humanities,2008,67.05,123,0
2.42,9,Humanities,2008,70.99,121,0
3.11,14,Humanities,1989,70.12,121,0
3.25,12,Humanities,1994,69.37,123,1
2.35,28,Humanities,1974,67.42,123,2
2.13,2,Humanities,1975,68.02,126,0
2.42,12,Humanities,2000,64.74,121,1
2.59,37,Humanities,1965,69.39,122,1
2.7,26,Humanities,1965,66.75,120,0
2.36,6,Humanities,1964,66.53,120,0
2.09,9,Humanities,1987,69.16,127,1
1.86,6,Humanities,1989,70.58,121,2
2.51,5,Humanities,2014,65.02,122,1
2.74,2,Humanities,1974,69.33,120,1
2.87,12,Humanities,2013,65.24,121,0
2.26,37,Humanities,1985,65.96,121,3
2.98,45,Humanities,1971,64.97,121,2
1.8,14,Humanities,1993,68.76,125,0
2.01,15,Humanities,1993,65.19,122,1
2.43,0,Humanities,1961,64.73,120,1
3.05,11,Humanities,1995,64.79,120,0
2.43,0,Humanities,2008,67.29,122,0
2.53,11,Humanities,2011,65.01,121,1
2.66,10,Humanities,1976,68.51,122,0
1.83,1,Humanities,2007,66.94,122,0
1.98,8,Humanities,1970,67.87,122,2
2.17,12,Humanities,1986,67.13,123,0
2.46,21,Humanities,1981,63.77,121,0
2.97,5,Humanities,1979,71.43,120,1
3.16,4,Humanities,1986,63.52,120,1
2.62,140,Humanities,1975,68.7,121,0
2.65,4,Humanities,1969,66.05,120,1
2.15,8,Humanities,1967,66.52,122,1
2.1,36,Humanities,1983,68.92,121,0
2.31,58,Humanities,2008,70.11,120,1
2.28,10,Humanities,2012,68.99,123,1
2.82,11,Humanities,1968,70.44,120,0
2.77,6,Humanities,2004,64.34,121,1
2.29,36,Humanities,1994,69.71,130,0
3.48,82,Humanities,1991,67.65,127,1
2.74,14,Humanities,1963,66.23,121,0
2.75,57,Humanities,1971,74,120,1
2.08,3,Humanities,2013,67.65,121,1
2.76,28,Humanities,2013,66.66,120,1
2.42,7,Humanities,1983,69.04,120,1
2.69,6,Humanities,1983,67.51,123,0
2.42,30,Humanities,1979,70.12,121,1
2.73,15,Humanities,2000,66.45,121,0
3.2,90,Humanities,2005,66.1,121,0
2.51,14,Humanities,1996,67.13,123,1
2.71,13,Humanities,1979,64.92,123,4
2.47,30,Humanities,1972,71.74,121,1
2.52,16,Humanities,1964,69.89,120,4
2.5,11,Humanities,1995,66.5,121,0
3.43,15,Humanities,2015,69.21,123,1
2.46,19,Humanities,1971,68.86,123,1
2.81,4,Humanities,1971,67.33,120,0
2.9,20,Humanities,1975,71.78,120,0
2.51,56,Vocational,1984,67.17,120,0
3.29,7,Vocational,2012,67.34,127,2
2.32,92,Vocational,1978,64.94,123,1
2.17,8,Vocational,2004,64.86,122,2
2.7,12,Vocational,2001,66.02,124,2
2.22,2,Vocational,1964,66.32,123,0
2.6,19,Vocational,2004,67.34,122,0
2.13,45,Vocational,2000,69.37,121,1
2.34,14,Vocational,1998,67.38,121,1
2.49,73,Vocational,1961,70.89,121,1
2.25,19,Vocational,2008,69.97,121,1
2.47,69,Vocational,1994,68.17,124,0
2.54,1,Vocational,1984,68.13,122,0
2.14,6,Vocational,1996,65.93,122,0
1.79,19,Vocational,1966,65.03,120,1
2.11,2,Vocational,1969,71.69,122,1
2.66,7,Vocational,2006,67.89,121,0
2.47,9,Vocational,1965,68.01,121,0
3.29,46,Vocational,1966,66.86,121,0
2.72,7,Vocational,2000,65.5,130,0
2,91,Vocational,1968,68.05,121,0
2.81,9,Vocational,1994,67.49,124,1
2.91,7,Vocational,1998,67.46,121,1
2.52,24,Vocational,1972,66.16,121,1
2.78,7,Vocational,2005,70.42,122,3
1.31,31,Vocational,2011,71.81,124,1
2.42,1,Vocational,2007,67.99,120,0
2.98,46,Vocational,2015,69.17,123,4
1.87,1,Vocational,1983,70.16,122,1
2.08,45,Vocational,1976,66.02,121,0
2.64,6,Vocational,1996,67.54,121,0
2.37,11,Vocational,1976,72.41,121,1
2.1,17,Vocational,1967,67.22,122,1
2.02,1,Vocational,2001,69.19,121,3
2.51,123,Vocational,2009,65.46,121,1
2.23,14,Vocational,2013,67.55,122,0
2.76,0,Vocational,1980,68.44,120,0
2.81,16,Vocational,1962,67.97,124,0
2.43,5,Vocational,1967,65.17,122,2
1.85,48,Vocational,1999,70.88,120,0
1.29,11,Vocational,1962,68.11,122,1
2.82,2,Vocational,1977,64.68,120,2
2.05,31,Vocational,2010,70.39,121,0
3.19,3,Vocational,1997,68.19,120,0
2.2,8,Vocational,1995,65.61,128,4
2.74,66,Vocational,1962,68.24,123,0
3.37,6,Vocational,1964,68.5,123,1
2.82,7,Vocational,2010,65.89,122,1
2.29,22,Vocational,1996,68.07,122,5
3,17,Vocational,2005,68.52,121,0
2.56,13,Vocational,1999,65.82,120,1
3.03,16,Vocational,2006,67.02,121,3
2.63,10,Vocational,2009,64.28,121,0
2.73,7,Vocational,1964,69.47,121,0
1.82,99,Vocational,1968,65.27,122,1
2.78,43,Vocational,1987,70.18,122,1
3.01,22,Vocational,1987,70.74,120,3
2.42,17,Vocational,1969,70.98,121,0
2.11,2,Vocational,1977,61.28,123,0
1.87,17,Vocational,1976,68.65,121,0
3.16,37,Vocational,2000,65.74,121,1
2.67,48,Vocational,1999,69.53,122,1
1.89,65,Vocational,1999,69.29,121,5
3.1,52,Vocational,1994,66.65,120,1
2.76,2,Vocational,1971,67.08,124,0
2.07,1,Vocational,1989,64.94,121,2
2.89,5,Vocational,1963,69.34,121,3
1.93,6,Vocational,1961,65.09,121,0
2.85,2,Vocational,2015,67.05,123,0
2.28,4,Vocational,2015,65.88,122,0
2.05,51,Vocational,2010,69.37,126,0
2.26,2,Vocational,2013,64.48,125,1
2.97,19,Vocational,1963,68.54,121,0
3.5,24,Vocational,1977,65.96,122,0
2.42,1,Vocational,1963,69.74,125,0
2.49,4,Vocational,1976,68.38,127,2
2.16,38,Vocational,2003,65.43,125,0
2.14,7,Vocational,1992,69.89,122,0
2.55,27,Vocational,2013,68.06,120,0
3.19,25,Vocational,1989,68.95,125,0
2.28,45,Vocational,1995,70.16,122,1
2.34,26,Vocational,1967,65.84,121,0
2.05,28,Vocational,1986,63.75,128,4
1.87,21,Vocational,1994,65.6,120,2
1.44,82,Vocational,1981,69.05,125,1
2.85,10,Vocational,2015,68.25,124,3
2.22,5,Vocational,1979,68.06,125,0
2.51,15,Vocational,2014,68.72,121,0
2.75,52,Vocational,1975,64.8,124,1
2.29,27,Vocational,1975,68.46,123,1
3.01,52,Vocational,1992,68.91,121,0
2.98,69,Vocational,1965,66.87,121,1
2.4,3,Vocational,1965,67.96,121,1
2.22,37,Vocational,1994,68.21,120,2
2.07,5,Vocational,2010,69.45,121,0
1.58,99,Vocational,2006,68.96,120,0
1.89,15,Vocational,2014,71.37,124,1
2.8,37,Vocational,1998,67.64,121,0
2,16,Vocational,1977,71.43,121,1
2.48,54,Vocational,1973,68.1,122,0
2.9,69,Vocational,1997,69.58,122,3
2.14,23,Vocational,1964,65.38,123,1
2.64,0,Vocational,1988,67.22,122,4
2.1,28,Vocational,2010,67.46,123,1
1.61,34,Vocational,1993,66.07,120,1
3.04,3,Vocational,1967,72.63,120,1
2.57,4,Vocational,1983,69.59,123,1
3.13,16,Vocational,1984,67.38,120,1
2.25,12,Vocational,1993,67.55,121,1
2.36,59,Vocational,1980,72.3,125,2
2.52,23,Vocational,1997,66.36,122,2
1.85,45,Vocational,1963,67.06,122,5
2.68,10,Vocational,2010,65.65,121,1
2.31,20,Vocational,1979,68.96,120,0
1.62,27,Vocational,2006,71.32,122,0
2.78,2,Vocational,1997,62.88,122,0
2.83,5,Vocational,1980,68.24,124,0
2.75,14,Vocational,1963,69,120,2
3.64,54,Vocational,1993,67.6,122,1
3.2,9,Vocational,1962,67.27,120,2
2.63,13,Vocational,1980,68.01,121,1
2.55,24,Vocational,2000,64.94,121,0
2.55,17,Vocational,1976,69.6,121,3
3.71,13,Vocational,1961,68.08,121,1
2.53,15,Vocational,1985,67.98,120,0
2.06,60,Vocational,1994,66.85,121,1
2.93,60,Vocational,1973,71.69,122,0
1.79,32,Vocational,1968,68.67,120,0
2.74,5,Vocational,2007,66.26,123,0
2.26,21,Vocational,2000,70.32,120,1
2.75,17,Vocational,1987,66.54,122,0
3.08,95,Vocational,1970,64.73,121,1
1.98,20,Vocational,1996,66.01,122,1
2,35,Vocational,1993,67.21,120,2
2.99,102,Vocational,1992,68.29,122,0
2.84,23,Vocational,1988,68.78,122,0
2.15,2,Vocational,1997,65.2,124,1
2.29,62,Vocational,2001,66.67,120,1
1.13,14,Vocational,1975,65.82,120,5
2.33,62,Vocational,1980,69.96,120,0
2.76,2,Vocational,1990,67.49,122,0
2.72,5,Vocational,2011,68.2,122,1
2.69,35,Vocational,1977,68.78,121,0
1.91,1,Vocational,1988,67.13,122,1
2.96,26,Vocational,1991,68.28,121,1
2.26,14,Vocational,1999,68.76,123,1
2.11,15,Vocational,1968,67.63,122,0
2.77,43,Vocational,2004,67.75,121,1
2.39,54,Vocational,1975,69.95,122,3
2.43,20,Vocational,1978,67.47,125,0
3.57,2,Vocational,2010,68.36,121,1
2.12,11,Vocational,1965,71.14,125,0
2.85,28,Vocational,2008,67.53,121,0
2.06,9,Vocational,1984,69.83,120,1
2.69,17,Vocational,2015,68.13,125,2
2.98,10,Vocational,2000,69.45,129,1
2.44,20,Vocational,1993,65.16,120,1
1.72,47,Vocational,1993,65.15,120,2
1.49,3,Vocational,1987,67.76,127,1
2.73,9,Vocational,2002,66.39,121,1
2.62,9,Vocational,1990,67.23,123,0
2.85,21,Vocational,1969,69.98,120,2
1.75,2,Vocational,2013,68.84,122,0
1.75,10,Vocational,2011,66.81,122,1
2.49,0,Vocational,2005,70.88,121,1
2.75,4,Vocational,2004,69.49,123,1
1.92,6,Vocational,1990,67.34,123,0
1.54,7,Vocational,1968,70.85,122,2
2.52,41,Vocational,1966,71.59,120,4
3.19,0,Vocational,1999,67.73,123,0
2.12,7,Vocational,2015,71.39,120,0
1.87,26,Vocational,2003,69.45,123,3
2.62,49,Vocational,2009,66.36,120,3
1.73,29,Vocational,1987,65.96,121,1
1.95,11,Vocational,1965,66.03,121,3
2.11,83,Vocational,1995,66.21,120,0
2.16,4,Vocational,1993,68.74,122,1
2.71,29,Vocational,1992,70.7,123,2
1.83,25,Vocational,1989,70.74,122,2
2.01,20,Vocational,2015,66.87,120,1
2.46,16,Vocational,1974,71.52,121,0
2.55,16,Vocational,1985,65.62,123,2
2.76,11,Vocational,1995,64.04,122,1
2.8,13,Vocational,1970,68.35,125,1
2.23,37,Vocational,1990,68.44,124,0
2.82,22,Vocational,2015,70.54,120,1
3.03,19,Vocational,1988,69.63,120,1
2.75,39,Vocational,2009,71.31,121,1
2.51,7,Vocational,1990,68.86,121,0
2.16,13,Vocational,1997,68.44,122,1
2.17,29,Vocational,1980,71.21,122,0
3.14,15,Vocational,1993,69.34,122,0
1.92,11,Vocational,1977,70.44,121,1
3.29,8,Vocational,1975,67.41,120,1
2.92,1,Vocational,2004,64.44,123,0
2.03,5,Vocational,1968,70.41,121,0
2.02,6,Vocational,2003,72.97,125,0
1.72,50,Vocational,1986,70.48,120,3
2.85,35,Vocational,2014,67.85,121,0
2.69,30,Vocational,1985,72.22,121,0
3,3,Vocational,2003,66.12,121,1
2.32,13,Vocational,1976,67.22,120,6
3.26,6,Vocational,1996,69.01,120,2
2.14,8,Vocational,2006,71.03,124,0
2.66,1,Vocational,2009,71.21,122,0
2.22,10,Vocational,1994,70.17,120,1
1.75,32,Vocational,1980,66.95,123,1
2.8,28,Vocational,1969,67.53,121,0
2.08,15,Vocational,1962,68.85,125,0
2.98,2,Vocational,2005,67.84,121,0
2.7,2,Vocational,1994,67.75,124,3
2.31,10,Vocational,1979,67.52,127,1
2.75,3,Vocational,1989,68.83,122,2
2.28,8,Vocational,2005,67.16,120,3
2.65,32,Vocational,1963,67.77,122,0
2.55,11,Vocational,1977,70.51,121,3
2.76,28,Vocational,1996,65.73,123,0
2,25,Vocational,1962,64.15,120,0
2.37,25,Vocational,2009,65.24,121,3
1.72,10,Vocational,2008,69.13,121,2
2.72,46,Vocational,1982,70.12,122,0
1.91,1,Vocational,1985,67.38,124,0
3.09,13,Vocational,1993,67.18,121,1
2.43,10,Vocational,1981,69.22,121,2
2.28,26,Vocational,1996,68.81,122,0
2.51,32,Vocational,1994,66.2,122,1
2.54,7,Vocational,1989,67.33,123,1
2.9,4,Vocational,1971,66.11,120,0
2.75,8,Vocational,1984,71.02,120,1
3.2,34,Vocational,1986,68.66,121,0
2.51,28,Vocational,1989,67.1,122,2
2.54,6,Vocational,1966,70.81,121,1
2.07,20,Vocational,1995,66.52,122,2
1.91,1,Vocational,2001,66.87,122,5
2.3,65,Vocational,1979,68.53,120,1
2.74,3,Vocational,2005,67.17,120,0
1.68,30,Vocational,1999,67.48,120,2
2.97,21,Vocational,1984,66.48,121,0
2.86,21,Vocational,2014,67.53,123,0
2.16,15,Vocational,1988,67.03,121,1
1.91,4,Vocational,1983,69.95,122,1
2.62,8,Vocational,1993,71.9,121,2
2.49,6,Vocational,1992,68.24,123,2
2.38,22,Vocational,1977,69.85,121,0
1.7,4,Vocational,2012,66.53,121,0
2.83,5,Vocational,1996,61.13,120,0
2.37,0,Vocational,1977,71.08,127,1
2.55,22,Vocational,1976,69.87,121,0
2.39,37,Vocational,2003,69.64,121,0
2.13,2,Vocational,2007,65.61,127,1
1.69,25,Vocational,1961,69.48,128,1
2.9,2,Vocational,1961,68.56,122,3
1.77,3,Vocational,1998,69.22,120,0
2.71,54,Vocational,1987,69.22,124,2
2.61,66,Vocational,2007,70.1,122,2
2.84,36,Vocational,1976,71.41,120,0
2.46,3,Vocational,2009,64.33,122,0
2.06,5,Vocational,2015,68.57,120,0
2.78,2,Vocational,1994,67.13,123,3
2.73,76,Vocational,1994,68.04,121,0
2.16,3,Vocational,1968,69.67,121,1
2.75,12,Vocational,1985,69.12,123,1
1.76,15,Vocational,1963,66.08,134,1
2.96,52,Vocational,1966,72.29,121,0
2.85,22,Vocational,2000,67.45,125,0
2.73,20,Vocational,1987,70.33,120,3
2.59,1,Vocational,1982,68.38,120,0
3.3,35,Vocational,1973,68.9,120,1
2.28,2,Vocational,2013,70.05,122,0
1.89,7,Vocational,2010,65.66,124,0
1.84,23,Vocational,1986,68.62,122,1
2.3,7,Vocational,1986,69.35,124,0
2.88,10,Vocational,1983,64.49,123,0
2.49,1,Vocational,1991,67.24,123,1
2.61,8,Vocational,1967,69.36,121,0
2.36,7,Vocational,1980,65.17,123,2
2.18,72,Vocational,2011,69.79,121,1
2.54,1,Vocational,1978,66.05,122,2
2.79,29,Vocational,2009,69.91,122,2
2.56,19,Vocational,2014,66.84,120,1
3.2,20,Vocational,2007,67.81,121,1
3.04,11,Vocational,2000,70.56,121,5
2.42,0,Vocational,1989,67.62,121,1
2.38,4,Vocational,2015,71.23,121,1
2.18,2,Vocational,1982,67.62,120,0
2.51,11,Vocational,1982,68.6,123,0
2.49,35,Vocational,1982,67.93,124,1
2.06,21,Vocational,1998,68.04,121,1
3.27,122,Vocational,1988,66.38,120,1
1.72,3,Vocational,1965,68.87,128,2
2.37,17,Vocational,1982,68.92,120,1
2.16,8,Vocational,1970,65.76,126,2
2.58,39,Vocational,1984,67.1,124,1
2.96,68,Vocational,1983,69.46,124,1
2.46,3,Vocational,1962,68.42,126,1
3.09,2,Vocational,1977,68.25,122,1
2.03,17,Vocational,1980,66.63,121,0
2.9,27,Vocational,2005,68.77,120,0
2.63,5,Vocational,2008,68.11,121,1
2.33,7,Vocational,1964,67.92,123,0
2.76,16,Vocational,1967,64.44,121,2
2.08,19,Vocational,2012,70.19,124,0
2.22,7,Vocational,1968,65.44,122,2
2.32,12,Vocational,2012,65.96,121,2
2.47,31,Vocational,1996,65.16,120,1
2.41,4,Vocational,2001,68.01,121,2
2.37,20,Vocational,1983,66.97,122,1
2.41,24,Vocational,1965,64.01,120,0
2.34,6,Vocational,1980,68.56,121,0
2.54,14,Vocational,1986,73.48,123,0
2.97,61,Vocational,2007,71.53,121,1
2.82,4,Vocational,1973,67.47,121,2
2.25,3,Vocational,1998,68.58,121,1
2.42,8,Vocational,2004,66.92,121,1
2.12,17,Vocational,1979,68.27,120,2
3,6,Vocational,1977,72.91,123,1
3.06,4,Vocational,1983,66.23,124,1
2.7,1,Vocational,2002,66.83,123,0
2.13,32,Vocational,1966,73.11,121,3
2.91,21,Vocational,2001,64.84,121,3
2.91,17,Vocational,1993,68.24,120,0
2.38,23,Vocational,1994,71.44,122,0
2.89,35,Vocational,1976,66.38,121,0
2.2,13,Vocational,1994,69.41,121,1
2.66,5,Vocational,1984,71.93,120,0
2.62,6,Vocational,2008,64.42,122,2
2.37,16,Vocational,1963,69.79,121,1
1.71,17,Vocational,2015,68.33,120,1
2.04,5,Vocational,2010,65.18,122,1
2.79,17,Vocational,2013,70.96,123,4
2.1,37,Vocational,2012,66.36,121,0
2.37,6,Vocational,1997,71.31,120,0
2.94,15,Vocational,1975,69.41,125,1
2.8,49,Vocational,1998,69.93,120,0
2.32,8,Vocational,1964,71.8,120,2
1.96,3,Vocational,1981,66.18,120,2
1.72,25,Vocational,1994,65.85,122,0
2.25,29,Vocational,1984,70.69,121,1
2.35,3,Vocational,1996,67.02,126,5
2.47,54,Vocational,1966,67.69,122,0
2.91,18,Vocational,1964,72.35,121,0
2.43,98,Vocational,2002,66.9,122,0
3.53,25,Vocational,1994,64.48,121,2
2.53,26,Vocational,2011,69.39,120,1
1.92,19,Vocational,2013,70.78,120,0
2.08,10,Vocational,1978,63.97,123,1
2.57,36,Vocational,1980,66.9,122,2
2.84,31,Vocational,1994,68.32,120,1
2.75,8,Vocational,1969,68.58,121,1
2.59,17,Vocational,1984,69.57,121,0
2.71,8,Vocational,2008,64.39,120,0
2.37,10,Vocational,2008,67.97,121,1
2.29,3,Vocational,1984,70.04,123,0
2.2,9,Vocational,2012,72.68,122,0
2.09,3,Vocational,2015,67.97,122,3
3.87,56,Vocational,2011,66.51,123,2
2.68,30,Vocational,1994,66.16,126,1
3.5,5,Vocational,1966,66.35,121,1
2.88,18,Vocational,2008,70.15,122,0
2.45,6,Vocational,2010,67.96,121,0
2.44,8,Vocational,1987,69.11,121,0
2.47,56,Vocational,1970,69.85,126,1
2.28,7,Vocational,1999,68.87,125,1
2.05,12,Vocational,2006,63.7,120,1
2.86,10,Vocational,1975,68.22,121,4
2.68,0,Vocational,1976,67.91,124,1
2.53,9,Vocational,1984,63.95,122,3
2.66,5,Vocational,1997,67.69,122,0
2.45,38,Vocational,1963,70.14,122,2
2.74,9,Vocational,1977,69.75,124,0
2.74,57,Vocational,1985,68.49,121,1
2.49,55,Vocational,1994,68.1,121,0
2.21,11,Vocational,1970,66.31,121,3
2.44,14,Vocational,2013,69.99,121,0
2.28,4,Vocational,1992,67.08,121,1
2.92,29,Vocational,2008,67.81,122,0
2.44,2,Vocational,2004,63.73,121,0
2.21,76,Vocational,1964,67.86,122,1
2.39,10,Vocational,2003,64.7,123,0
2.43,44,Vocational,1973,66.67,120,2
2.48,13,Vocational,1977,64.33,121,2
2.06,41,Vocational,2013,68.56,120,1
3,1,Vocational,1962,67.9,121,0
2.23,16,Vocational,2015,69.48,120,1
3.27,1,Vocational,1963,64.35,120,2
2.31,23,Vocational,1975,67.59,127,1
2.39,53,Vocational,2007,66.99,121,6
2.78,11,Vocational,1961,73.46,124,1
3.05,54,Vocational,1981,70.16,121,0
3.16,28,Vocational,1975,67.52,120,0
1.72,3,Vocational,1977,69.48,123,0
2.68,9,Vocational,1974,68.64,120,2
2.1,19,Vocational,2014,67.38,122,1
1.83,14,Vocational,1967,68.74,122,0
2.61,18,Vocational,1965,68.67,123,0
2.83,9,Vocational,1986,71.45,121,3
2.32,3,Vocational,1980,66.61,123,0
1.72,14,Vocational,1993,66.71,122,0
2.08,1,Vocational,1963,66.61,125,1
1.82,55,Vocational,2005,65.95,120,3
2.47,47,Vocational,1968,71.43,122,0
2.13,10,Vocational,2000,68.06,120,2
2.11,18,Vocational,2004,63.82,121,2
2.53,5,Vocational,2013,66.1,121,0
2.57,21,Vocational,2007,66.34,121,3
2.96,4,Vocational,2015,68.54,121,4
3.45,52,Vocational,2012,67.68,121,1
3.25,21,Vocational,2001,67.01,125,3
2.04,10,Vocational,1981,65.97,120,2
1.63,4,Vocational,1987,67.41,125,1
2.14,4,Vocational,1988,69.5,120,1
2.44,4,Vocational,1978,66.88,122,1
2.98,1,Vocational,2009,65.75,120,2
2.97,12,Vocational,1987,69.21,120,1
2.34,28,Vocational,1981,68.17,122,0
2.82,26,Vocational,1992,67.09,120,1
2.57,27,Vocational,1998,68.52,122,1
2.93,124,Vocational,2011,69.62,123,5
2.82,99,Vocational,1992,66.11,121,1
2.09,110,Vocational,1975,69.38,122,0
2.6,15,Vocational,1996,66.89,121,0
3.2,26,Vocational,2000,66.83,120,2
3.28,12,Vocational,1982,68.68,121,0
2.25,30,Vocational,2005,65.07,122,0
2.5,17,Vocational,1979,70.19,121,0
1.78,4,Vocational,2001,69.05,121,1
2.74,34,Vocational,1966,72.08,124,1
2.79,2,Vocational,1972,67.75,121,1
2.32,5,Vocational,2002,67.66,121,0
2.84,16,Vocational,1961,68.03,125,0
1.87,9,Vocational,1997,63.87,123,1
2.46,17,Vocational,1964,66.67,123,0
2.5,5,Vocational,1982,67.2,123,0
2.59,7,Vocational,1983,64.52,120,1
2.19,11,Vocational,1975,70.9,123,0
2.41,38,Vocational,1999,67.02,121,1
2.48,13,Vocational,1992,66.25,120,1
2.75,14,Vocational,1996,68.71,120,0
2.39,9,Vocational,2007,66.13,127,0
2.19,30,Vocational,1979,63.92,121,1
2.48,3,Vocational,1986,68.41,123,3
2.17,20,Vocational,2010,65.32,122,1
2.47,34,Vocational,1966,68.94,122,0
2.78,4,Vocational,1963,70.94,121,1
2.68,4,Vocational,1997,67.61,123,0
2.94,10,Vocational,1977,66.61,122,0
2.79,32,Vocational,1985,67,121,1
1.86,1,Vocational,2009,64.47,120,1
2.08,0,Vocational,1994,69.15,120,1
2.67,34,Vocational,1999,66.52,126,3
2.44,16,Vocational,1998,69.06,121,1
3.06,26,Vocational,1985,68.49,125,0
3.19,12,Vocational,1992,67.49,122,1
2.7,7,Vocational,2002,68.78,124,0
2.48,3,Vocational,1969,67.43,121,0
2.5,6,Vocational,2009,65.64,122,1
2.1,0,Vocational,1989,69.49,123,0
2.56,16,Vocational,1986,68.32,128,2
1.98,1,Vocational,2007,67.48,132,1
3.09,75,Vocational,1974,64.93,122,1
1.64,28,Vocational,1992,64.98,120,2
2.15,12,Vocational,1997,67.68,121,0
2.05,52,Vocational,1970,68.44,128,0
1.88,12,Vocational,1975,67.6,122,2
2.87,4,Vocational,2014,65.2,121,1
3.03,51,Vocational,2015,68.51,120,2
2.13,37,Vocational,1966,71.61,120,1
2.79,1,Vocational,1979,68.03,123,0
3.07,8,Vocational,2010,65.26,122,1
2.67,19,Vocational,2014,67.61,124,0
2.07,25,Vocational,1992,68.33,121,1
2.47,12,Vocational,1990,67.47,120,0
2.43,19,Vocational,1972,71.72,124,2
1.53,7,Vocational,1966,67.88,120,2
2.65,30,Vocational,2006,65.28,123,0
2.48,14,Vocational,1983,70.61,128,0
2.3,25,Vocational,1961,68.54,121,5
2.5,0,Vocational,2007,67.46,122,2
2.67,13,Vocational,1975,64.66,121,1
2.72,1,Vocational,1972,68.93,120,1
2.84,15,Professional,1974,67.64,122,1
1.71,23,Professional,2003,72.11,121,0
2.42,29,Professional,2006,66.33,122,1
3.02,10,Professional,1977,67.76,122,3
2.34,34,Professional,1993,69.71,121,2
1.94,52,Professional,1971,70.15,124,1
2.6,13,Professional,1966,69.33,120,0
2.18,18,Professional,1991,69.53,125,1
2.27,10,Professional,1998,72.2,121,1
2.57,70,Professional,1976,70.04,121,0
2.53,0,Professional,1972,68.45,122,0
3.08,14,Professional,1992,67.4,120,2
2.26,37,Professional,1980,65.91,121,2
2.42,0,Professional,1970,67.96,121,2
1.85,33,Professional,1987,69.06,121,1
2.93,14,Professional,1999,67.02,122,0
1.9,7,Professional,1999,69.35,122,0
2.56,3,Professional,1963,67.52,120,1
2.55,8,Professional,1997,67.59,122,5
2.71,75,Professional,1978,67.06,127,2
2.54,7,Professional,2007,69.67,124,0
2.34,4,Professional,1985,65.47,120,0
2.91,6,Professional,2006,65.58,120,2
2.32,1,Professional,1972,68.57,122,0
1.64,14,Professional,1977,69.9,125,1
2.59,21,Professional,2011,67.08,120,2
2.77,6,Professional,1977,68.14,121,1
2.07,12,Professional,1969,65.24,120,1
2.06,19,Professional,2004,63.59,124,2
2.66,11,Professional,1965,70.09,121,1
2.28,16,Professional,1993,69.76,122,1
2.47,26,Professional,1984,64.07,122,0
2.3,9,Professional,1968,69.49,121,0
2.69,36,Professional,2010,70.02,127,1
2.39,2,Professional,1983,72.55,121,2
2.64,26,Professional,1995,67.98,125,0
3.08,107,Professional,1972,67.46,120,1
2.36,16,Professional,1970,68.57,122,0
2.33,41,Professional,1962,66.89,128,1
2.89,17,Professional,1996,68.02,122,0
3.28,2,Professional,1997,66.08,122,1
1.91,40,Professional,2014,67.65,120,0
2.13,46,Professional,2012,65.68,121,1
3.23,4,Professional,1981,68.21,122,2
2.44,9,Professional,1976,65.98,125,0
3.01,10,Professional,1987,67.58,121,0
2.14,12,Professional,1972,67.06,122,0
1.79,55,Professional,1986,65.79,121,0
2.2,3,Professional,2002,69.44,123,1
2.43,4,Professional,1974,70.89,124,1
2.52,7,Professional,1996,69.86,121,1
3.01,14,Professional,1963,68.06,129,0
2.61,5,Professional,2010,67.25,122,1
2.11,25,Professional,1966,70.48,122,1
2.28,16,Professional,1965,68.08,120,1
2.53,17,Professional,1995,67.43,124,0
2.49,17,Professional,1983,68.78,124,1
2.7,81,Professional,1964,71.55,121,2
2.96,11,Professional,1987,69.78,121,1
2.8,4,Professional,2005,69.32,121,1
2.27,15,Professional,1980,68.36,124,0
2.97,18,Professional,1981,68.02,123,0
2.48,5,Professional,1987,68.62,122,3
2.04,10,Professional,2010,69.04,121,2
3.18,3,Professional,2001,67.89,122,1
1.47,17,Professional,1975,69.02,120,0
2.42,1,Professional,1984,68.48,124,1
2,12,Professional,2008,68.71,126,1
2.49,4,Professional,1974,68.08,122,0
2.59,42,Professional,2007,66.21,122,2
3,34,Professional,1962,69.46,122,0
2.4,4,Professional,2005,71.41,122,0
2.36,5,Professional,2008,70.28,123,0
2.52,5,Professional,1962,67.84,121,0
2.58,10,Professional,1961,66.57,121,0
2.15,3,Professional,1988,70.97,127,1
2.19,15,Professional,1977,68.09,121,2
2.15,30,Professional,1963,65.56,127,0
3.19,9,Professional,1988,68.85,120,2
2.64,105,Professional,1976,68.52,123,2
2.57,8,Professional,2008,65.7,121,1
2.25,24,Professional,1965,67.96,129,1
2.01,1,Professional,1965,66.81,124,1
2.49,3,Professional,1999,68.88,124,1
1.97,12,Professional,2001,67.45,120,0
2.84,12,Professional,2012,66.25,121,1
2.43,14,Professional,1978,68.09,123,2
2.7,19,Professional,2001,69.11,121,1
2.17,82,Professional,1988,68.97,121,1
1.75,6,Professional,1994,64.01,123,2
2.75,10,Professional,2001,67.3,120,1
2.76,7,Professional,1987,68.4,120,1
2.4,44,Professional,1985,65.59,125,2
2.35,75,Professional,1999,72.62,121,0
1.81,6,Professional,1988,67.91,123,1
2.45,18,Professional,1981,68.01,125,6
2.89,20,Professional,1963,71.8,120,1
2.59,81,Professional,1964,68.45,122,1
2.7,48,Professional,1963,68.25,123,2
2.16,18,Professional,2003,69.83,121,0
2.77,2,Professional,1984,70.41,122,0
2.52,10,Professional,2002,68.71,121,2
2.93,54,Professional,1980,67.22,121,1
3.36,37,Professional,1994,64.96,120,0
2.57,0,Professional,1992,65.91,124,1
2.52,14,Professional,1979,66.49,122,2
3.15,18,Professional,1969,68.51,120,0
2.23,32,Professional,1998,69.85,123,1
2.25,1,Professional,1971,68.39,120,1
1.91,11,Professional,1972,66.26,120,1
1.87,13,Professional,1997,68.28,124,1
2.62,28,Professional,1965,64.82,125,0
2.12,9,Professional,2000,67.7,122,1
2.84,2,Professional,2013,66.95,124,2
1.79,20,Professional,1992,70.13,124,2
2.28,16,Professional,1977,65.57,120,0
2.28,36,Professional,1972,68.13,121,1
1.99,5,Professional,1970,64.36,121,1
2.35,3,Professional,2009,71.13,121,0
2.21,51,Professional,2004,68.1,124,1
2.85,39,Professional,1987,69.04,122,1
2.64,14,Professional,2001,65.85,121,4
3.21,26,Professional,2012,66.29,121,0
2.38,38,Professional,1974,69.77,121,0
2.75,39,Professional,1962,65.56,122,0
2.94,83,Professional,1976,64.44,121,0
2.62,43,Professional,1981,69.24,122,0
2.69,1,Professional,1967,69.16,122,0
1.99,7,Professional,1972,70.95,123,1
3.1,2,Professional,1982,67.46,121,0
2.68,7,Professional,1978,71.14,122,2
2.54,41,Professional,2011,67.01,121,1
2.3,4,Professional,1977,66.64,127,0
2.72,16,Professional,1989,68.91,122,1
2.46,7,Professional,1984,68.21,134,0
2.29,17,Professional,1968,71.39,122,1
2.78,20,Professional,2012,69.23,120,0
1.79,43,Professional,2007,69.27,121,1
2.39,7,Professional,1975,67.24,121,1
2.8,4,Professional,1963,62.08,121,1
2.02,9,Professional,1962,68.65,123,2
2.67,65,Professional,1970,73.34,121,1
2.54,39,Professional,1980,65.26,120,0
2.61,20,Professional,2002,68.17,122,0
2.77,5,Professional,1978,68.51,120,1
2.6,1,Professional,2011,67.05,122,0
2.42,27,Professional,2006,73.03,121,0
2.34,69,Professional,2015,69.63,120,3
2.76,1,Professional,2001,68.88,123,1
2.28,47,Professional,2000,68.84,125,0
2.15,18,Professional,2006,67.01,123,1
2.11,0,Professional,1970,66.69,122,3
1.9,3,Professional,2007,69.14,122,2
1.85,9,Professional,1987,68.8,131,4
2.26,11,Professional,1997,72.18,123,1
3.13,4,Professional,1997,70.76,120,2
2.13,10,Professional,1984,70.96,121,3
2.49,5,Professional,1997,70.15,120,1
2.24,7,Professional,1987,65.9,123,0
2.26,19,Professional,1981,66.26,120,0
2.21,6,Professional,1978,67.18,121,2
1.94,1,Professional,1986,68.47,122,2
2.51,27,Professional,1971,68.73,124,2
2.59,28,Professional,1962,69.64,123,1
2.49,3,Professional,1965,71.14,125,2
2.27,28,Professional,2008,68.58,121,1
2.02,43,Professional,1965,65.53,121,2
2.55,1,Professional,1966,70.44,124,0
2.71,7,Professional,1982,66.95,120,1
2.39,51,Professional,1999,67.97,125,3
2.62,132,Professional,2004,70.71,121,0
3.26,10,Professional,2007,68.35,125,3
2.86,56,Professional,2015,65.91,122,0
3.34,45,Professional,1979,70.12,125,3
3.37,4,Professional,1989,70.62,121,2
2.15,10,Professional,1990,70.24,120,0
3.06,35,Professional,2004,67.91,123,0
3.14,14,Professional,1971,66.97,121,2
2.84,25,Professional,1999,68.05,121,1
2.07,2,Professional,1972,66.77,127,0
2.31,16,Professional,1975,70.47,123,0
3.24,15,Professional,1971,65.94,121,1
2.28,5,Professional,2011,69.97,120,1
2.04,41,Professional,1996,67.09,120,1
2.47,3,Professional,2008,66.78,120,0
1.93,22,Professional,1991,65.71,122,1
2.74,47,Professional,1995,70.43,122,1
2.38,11,Professional,1974,69.86,127,0
2.69,61,Professional,1988,67.72,120,4
2.71,9,Professional,1989,68.72,121,3
2.09,22,Professional,1981,68.67,123,2
2.26,78,Professional,2004,70.59,123,2
1.97,12,Professional,1976,67.89,125,1
1.87,15,Professional,2010,67.94,125,1
2.66,13,Professional,1991,67.67,121,1
1.89,21,Professional,2012,69.12,121,2
1.74,39,Professional,1996,68.02,120,0
2.16,1,Professional,2002,68.9,122,1
1.46,7,Professional,1972,66.75,121,1
2.47,3,Professional,1986,66.17,121,0
2.02,3,Professional,2002,68.01,121,1
1.76,1,Professional,1990,68.21,121,1
2.96,45,Professional,1990,71.14,120,5
2.86,9,Professional,1996,69.07,121,0
3.47,13,Professional,1962,71.35,120,0
1.98,13,Professional,1986,66.58,121,1
2.4,8,Professional,1994,65.76,122,0
2.81,11,Professional,1999,66.18,121,1
1.94,12,Professional,2006,65.29,121,2
1.95,29,Professional,1976,67.87,120,0
3.31,6,Professional,1994,66.37,130,0
2.25,8,Professional,1996,66.91,122,0
2.35,1,Professional,2014,66.39,121,1
2.88,11,Professional,1986,67.99,120,1
2.51,18,Professional,1996,67.62,124,2
2.28,6,Professional,1974,65.65,123,0
2.65,75,Professional,2009,68.74,124,1
2.28,28,Professional,1989,70.41,121,1
2.76,33,Professional,2011,67.44,124,1
2.11,7,Professional,1978,68.17,122,2
3.02,10,Professional,1969,63.8,120,1
3.09,5,Professional,1968,70.58,123,2
2.89,9,Professional,1997,71.83,120,3
2.25,18,Professional,1975,69.08,124,0
2.59,22,Professional,2002,66.91,120,0
2.06,8,Professional,2002,66.93,123,2
2.67,32,Professional,1966,70.26,122,1
2.19,55,Professional,2011,70.73,121,0
2.27,7,Professional,1968,66.85,124,1
1.64,19,Professional,1984,68.04,120,1
2.18,1,Professional,1972,68.06,124,1
2.13,1,Professional,1988,66.34,124,0
2.83,73,Professional,1996,68.57,121,1
1.36,16,Professional,2012,67.43,124,1
2.47,33,Professional,2000,68.49,124,1
2.09,24,Professional,1984,66.36,122,1
2.43,27,Professional,1993,67.29,121,0
1.88,7,Professional,1967,63.46,121,1
2.61,30,Professional,1978,70.34,121,0
2.32,19,Professional,1980,65.94,122,0
2.74,13,Professional,1966,66.76,121,3
2.25,6,Professional,1979,67.91,123,1
3.05,7,Professional,1966,67.47,121,1
2.73,83,Professional,2014,66.56,120,1
1.83,5,Professional,1983,67.11,121,0
2.72,65,Professional,1988,67.14,121,1
2.35,111,Professional,1964,65.03,120,1
1.81,31,Professional,2015,68.99,121,0
1.58,13,Professional,1974,66.31,122,1
2.97,19,Professional,1982,69.46,120,1
1.58,58,Professional,1967,69.47,134,2
2.95,10,Professional,1968,69.86,123,2
2.69,44,Professional,1976,64.62,120,0
2.03,5,Professional,1985,67.19,122,2
2.28,8,Professional,1993,66.38,127,0
2.2,18,Professional,1987,63.92,121,0
2.48,28,Professional,1973,69.82,126,0
2.16,18,Professional,1971,68.52,121,0
2.97,1,Professional,1967,67.12,121,0
2.75,18,Professional,2011,69.32,120,2
2.31,31,Professional,1986,64.09,124,0
2.08,1,Professional,1973,66.71,124,1
2.51,14,Professional,1969,64.77,120,2
2.96,37,Professional,2002,68.51,120,1
2.66,23,Professional,1995,69.52,121,1
2.38,37,Professional,1968,68.32,120,1
3.17,16,Professional,1988,71.78,121,1
2.64,13,Professional,1972,70.67,121,1
1.19,25,Professional,1972,69.12,120,1
2.92,2,Professional,1966,69.77,121,2
2.27,21,Professional,1999,68.85,121,1
1.99,11,Professional,2002,67.98,129,0
2.74,31,Professional,2007,72.38,122,1
1.75,22,Professional,1991,70.87,121,1
2.27,4,Professional,2013,69.03,123,0
3.07,9,Professional,1987,69.16,128,1
2.34,5,Professional,1966,69.89,122,1
3,3,Professional,2008,65,121,1
2.63,34,Professional,2007,66.83,121,2
2.59,45,Professional,1984,66.31,120,1
3.2,13,Professional,1988,67.18,122,0
2.71,6,Professional,1983,67.82,120,0
1.96,38,Professional,1993,69.22,121,0
1.87,2,Professional,1970,68.22,121,0
3.17,38,Professional,1976,67.5,122,0
2.49,29,Professional,1997,66.24,121,1
2.87,33,Professional,1983,69.33,121,0
3.37,14,Professional,2014,68.48,123,1
2.86,7,Professional,2000,67.83,130,2
2.34,19,Professional,1997,66.88,121,1
1.8,41,Professional,1981,64.69,121,1
3.06,48,Professional,1989,69.16,121,1
1.91,6,Professional,1978,68.55,123,1
2.07,9,Professional,2012,65.57,125,0
2.68,48,Professional,2002,66.63,121,2
2.38,24,Professional,1973,68.94,121,0
2.63,4,Professional,1961,66.2,121,1
2.48,14,Professional,1998,67.66,123,1
1.69,7,Professional,1988,71.46,127,1
2.93,18,Professional,1969,67.91,121,1
3.24,23,Professional,1988,69.81,121,0
2.23,7,Professional,2000,67,126,0
2.13,63,Professional,2005,65.62,123,1
1.92,5,Professional,1981,66.07,125,0
2.93,39,Professional,2004,68.74,121,3
1.95,23,Professional,1982,69.24,121,1
3.01,29,Professional,1988,67.37,125,2
2.45,5,Professional,1978,71.47,120,1
2.2,6,Professional,1991,66.56,120,0
2.99,2,Professional,1997,70.49,121,0
2.12,1,Professional,2005,65.81,124,0
2.15,8,Professional,1972,67.08,121,3
2.61,37,Professional,2005,74.03,122,1
2.08,18,Professional,2014,69.91,124,0
2.32,9,Professional,1963,71.08,121,2
2.96,13,Professional,2006,62.83,123,0
2.86,2,Professional,1968,64.96,123,0
2.25,1,Professional,1973,69.68,124,2
2.73,12,Professional,1977,69.09,121,1
1.85,20,Professional,1985,63.85,121,1
2.78,10,Professional,1968,70.45,124,3
1.83,16,Professional,2005,66.41,125,1
2.96,22,Professional,1998,65.65,121,0
2.54,6,Professional,1993,67.48,120,1
2.27,5,Professional,2011,66.14,120,4
2.73,8,Professional,1966,65.17,121,0
2.88,65,Professional,2005,67.85,121,0
3.39,25,Professional,1985,67.19,120,0
2.52,8,Professional,2001,70.12,123,2
3.06,3,Professional,2009,67.42,120,1
2.01,5,Professional,1982,65.66,122,7
2.47,15,Professional,2002,69.7,121,0
2.34,64,Professional,1994,70.26,121,1
3,16,Professional,1986,67.65,122,1
2.46,19,Professional,1984,67.77,126,2
2.57,23,Professional,1974,67.2,122,0
1.97,25,Professional,1963,69.62,121,2
2.24,2,Professional,2006,68.66,120,1
1.58,21,Professional,2013,66.54,121,1
2.28,12,Professional,1972,65.75,120,0
2.77,7,Professional,2003,67.6,121,2
3.32,34,Professional,1995,65.57,120,0
2.62,68,Professional,1963,69.45,121,0
3.12,21,Professional,1989,69.11,120,0
2.91,17,Professional,1986,67.51,123,1
1.5,2,Professional,1995,67.68,123,2
2.14,12,Professional,1968,65.34,124,0
2.82,25,Professional,2010,70.51,125,1
2.64,5,Professional,1967,67.25,126,0
2.57,52,Professional,2009,68.47,123,2
2.83,9,Professional,2007,68.3,121,0
1.76,32,Professional,2014,68.37,123,1
2.42,15,Professional,1970,70.06,122,0
2.48,16,Professional,2014,62.2,123,1
2.48,3,Professional,1993,68.54,121,0
2.98,3,Professional,1971,71.54,121,1
1.92,17,Professional,1971,67.81,127,1
2.9,21,Professional,1986,67.74,121,3
1.92,11,Professional,1963,65.08,120,0
2.06,4,Professional,1979,68.6,122,0
2.36,7,Professional,1981,64.85,120,0
2.08,6,Professional,1997,65.16,130,1
1.64,6,Professional,1966,67.44,121,1
2.51,28,Professional,2006,67.9,121,2
2.41,6,Professional,1988,67.92,124,1
2.41,11,Professional,1973,69.79,121,0
2.88,32,Professional,1980,68.93,120,2
2.44,15,Professional,1997,69.1,125,1
2.23,2,Professional,1980,70.83,124,0
3.14,82,Professional,2000,65.4,121,2
2.91,41,Professional,1980,67.95,123,0
2.3,92,Professional,1975,65.27,123,1
3.19,35,Professional,1991,63.82,121,1
3.02,4,Professional,1990,67.03,122,0
3.69,45,Professional,1975,68.27,120,0
1.99,33,Professional,1969,73.25,121,0
1.93,3,Professional,2008,72.27,121,1
2.7,27,Professional,1970,66.08,128,1
2.05,8,Professional,1996,68.11,125,2
2.22,5,Professional,1973,67.63,126,1
3.47,0,Professional,2012,68.17,123,0
1.73,78,Professional,2005,64.95,121,1
2.47,69,Professional,1967,68.22,121,0
2.72,31,Professional,2010,67.69,122,0
2.36,2,Professional,1977,62.92,121,1
3.24,8,Professional,1968,71.77,124,0
2.58,10,Professional,1970,67.23,121,3
1.81,19,Professional,1963,69.52,120,1
2.96,51,Professional,2014,69.78,122,0
2.48,17,Professional,1991,68.29,124,3
2.48,2,Professional,1979,67.02,122,0
2.35,1,Professional,2007,69.97,121,0
3.26,6,Professional,2003,67.38,130,0
2.74,1,Professional,2006,67.84,121,0
2.7,29,Professional,1979,70.19,121,1
3.23,10,Professional,1973,69.24,121,0
3.03,7,Professional,1989,67.89,121,1
2.45,1,Professional,1964,67.96,123,1
2.38,7,Professional,2011,64.94,120,1
2.01,5,Professional,1995,66.29,121,0
2.22,5,Professional,1961,70.68,120,0
2.67,2,Professional,1973,68.09,120,2
2.14,26,Professional,1986,68.07,120,1
2.06,5,Professional,1978,66.58,120,1
2.07,45,Professional,1964,64.12,124,3
2.09,31,Professional,1979,69.27,120,1
2.57,12,Professional,1989,69.04,121,0
2.71,9,Professional,1965,72.32,125,2
2.04,70,Professional,1981,65.82,129,0
2.73,4,Professional,1995,65.53,127,1
2.52,2,Professional,1991,67.57,121,0
3.38,18,Professional,2014,70.69,120,1
2.35,17,Professional,1991,70.96,122,1
2.23,23,Professional,1963,69.3,121,1
2.59,10,Professional,2011,69.28,122,1
1.85,3,Professional,2011,70.24,121,1
2.01,7,Professional,1995,66.72,121,1
3.05,45,Professional,2011,70.52,120,1
2.19,50,Professional,1973,67.61,121,1
2.27,2,Professional,1967,70.22,121,1
2.4,6,Professional,2002,71.68,121,2
2.32,18,Professional,1990,69.83,121,1
2.46,2,Professional,2012,69.67,124,4
2.65,20,Professional,1982,66.47,121,0
3,22,Professional,2006,68.15,123,0
3.13,9,Professional,1970,65.99,123,1
3.17,32,Professional,2012,70.06,120,0
2.84,13,Professional,2001,67.4,120,0
2.42,8,Professional,1991,68.37,122,1
2.65,6,Professional,2011,66.22,122,0
3.3,15,Professional,2014,64.06,120,1
2.67,8,Professional,2012,67.76,121,1
2.34,23,Professional,1965,68.13,121,1
3.2,11,Professional,1979,65.52,123,0
3.2,2,Professional,1999,68.63,121,1
3.02,19,Professional,2001,69.37,123,1
2.17,6,Professional,2002,65.73,121,1
3.34,25,Professional,1979,69.73,122,1
2.27,11,Professional,1966,67.88,121,2
2.06,5,Professional,1972,69.56,120,0
2.61,3,Professional,1992,69.17,120,1
3.24,54,Professional,1991,66.01,122,1
2.43,45,Professional,1992,71.28,124,0
2.59,45,Professional,1974,65.91,123,1
2.72,26,Professional,1962,70.89,121,0
2.53,71,Professional,1987,67,123,0
2.22,44,Professional,1970,69.9,121,1
2.6,6,Professional,1990,65.18,120,0
2,17,Professional,1997,69.93,125,2
2.38,5,Professional,1967,68.04,121,0
3.02,32,Professional,1978,68.05,120,3
2.71,26,Professional,2000,70.45,121,0
2.81,45,Professional,1981,67.89,121,0
2.56,3,Professional,2004,68.41,121,0
2.95,6,Professional,1992,68.46,122,1
2.92,56,Professional,2010,67.07,120,0
2.9,19,Professional,1983,70.08,124,1
1.92,13,Professional,2014,71.85,124,1
2.29,19,Professional,1975,67.49,121,0
2.12,14,Professional,1971,69.42,121,1
2.92,1,Professional,1988,68.37,120,0
2.52,32,Professional,2007,67.27,123,0
2.69,4,Professional,1994,68.24,121,1
2.74,0,Professional,1988,69.87,121,0
3.25,52,Professional,1991,69.33,121,2
2.89,15,Professional,1994,71.03,120,1
1.38,6,Professional,1969,67.82,124,1
2.95,41,Professional,1981,65.86,125,2
2.61,9,Professional,2001,64.66,121,0
1.62,48,Professional,2000,71.42,120,0
2.61,28,Professional,1988,65.37,122,0
2.93,46,Buisness,1962,69.32,121,0
1.66,22,Buisness,1976,71.73,120,2
2.45,1,Buisness,1982,69.23,122,2
2.2,10,Buisness,1988,68.4,121,2
1.97,64,Buisness,1990,70.07,121,1
2.57,9,Buisness,2002,67.66,123,1
2.84,29,Buisness,2010,68.94,123,0
2.36,13,Buisness,1966,66.79,125,1
2.39,0,Buisness,1970,68.79,122,0
3.18,32,Buisness,1986,67.46,124,0
2.77,13,Buisness,1992,68.95,122,1
2.28,2,Buisness,2004,70.47,120,0
1.97,13,Buisness,2012,71.76,120,0
2.54,49,Buisness,1960,69.49,121,0
2.88,9,Buisness,1966,70.9,122,1
2.63,31,Buisness,1970,67.87,120,1
2.69,8,Buisness,1972,70.4,120,1
2.7,16,Buisness,1976,72.57,120,2
3.2,48,Buisness,1980,65.42,121,1
2.8,46,Buisness,1982,67.72,120,3
2.27,32,Buisness,1988,68.63,121,2
1.74,6,Buisness,1990,70.49,123,0
2.71,29,Buisness,1994,66.54,125,0
3.41,11,Buisness,1996,68.35,123,1
3.01,14,Buisness,1966,69.01,121,3
3.92,18,Buisness,1972,70.36,120,3
2.81,1,Buisness,1980,67.28,120,1
2.7,1,Buisness,1982,66.5,120,1
2.97,4,Buisness,2006,68.24,120,1
1.99,51,Buisness,2012,69.84,123,1
2.14,0,Buisness,1962,66.51,120,1
2.11,28,Buisness,1964,66.6,122,3
2.58,9,Buisness,1966,72.09,125,3
2.4,40,Buisness,1970,66.11,121,2
2.44,4,Buisness,1974,67.54,120,0
1.77,16,Buisness,1982,71.62,125,0
2.5,7,Buisness,1988,67.95,121,8
2.51,22,Buisness,1990,67.26,126,0
1.75,4,Buisness,1994,64.72,121,0
2.96,22,Buisness,2000,65.29,121,2
3.4,5,Buisness,2010,67.86,120,2
2.14,27,Buisness,2014,69.36,122,3
3.23,67,Buisness,1964,71.12,121,0
2.57,8,Buisness,1968,65.96,121,2
2.89,6,Buisness,1974,73.08,121,1
2.18,14,Buisness,1982,67.35,124,1
2.84,2,Buisness,1990,68.59,121,0
2.95,1,Buisness,1994,68.88,121,1
2.33,2,Buisness,2002,68.65,123,0
2.63,57,Buisness,1980,65.08,123,4
2.19,34,Buisness,1982,67.87,135,0
3.38,30,Buisness,1984,66.7,121,1
2.59,5,Buisness,1990,68.16,125,0
3.17,10,Buisness,1992,71.63,125,0
2.5,13,Buisness,2014,70.06,121,3
3.3,3,Buisness,1982,68.34,121,1
2.34,95,Buisness,1984,70.66,120,4
2.14,39,Buisness,1986,66.97,120,1
2.34,7,Buisness,1998,67.83,121,0
1.76,38,Buisness,2006,64.48,120,1
2.47,19,Buisness,2008,69.73,124,0
3.21,125,Buisness,2010,61.3,129,1
3.06,64,Buisness,2012,67.29,125,1
2.56,0,Buisness,1960,66.79,123,0
2.65,0,Buisness,1962,65.38,122,1
2.88,12,Buisness,1964,65.37,120,0
1.97,12,Buisness,1968,68.49,120,0
2.37,14,Buisness,1970,69.9,121,5
2.4,1,Buisness,1998,63.89,124,0
2.85,25,Buisness,2014,67.67,122,0
2.25,24,Buisness,1966,66.54,122,0
2.19,7,Buisness,1968,72.18,121,2
2.34,0,Buisness,1980,68.55,120,1
2.62,7,Buisness,2000,66.28,124,0
1.74,14,Buisness,2012,67.89,120,1
2.22,11,Buisness,1960,65.23,121,0
2.18,10,Buisness,1962,69.24,121,0
2.57,11,Buisness,1966,65.23,121,2
2.87,13,Buisness,1970,69.43,127,1
3.06,4,Buisness,1974,67.93,129,0
2.28,0,Buisness,1976,70.38,132,1
2.42,18,Buisness,1978,65.9,122,1
2,2,Buisness,1992,72.41,122,1
2.45,8,Buisness,2002,64,124,1
2.68,6,Buisness,2004,67.43,123,0
2.63,6,Buisness,2008,68.77,121,1
2.79,64,Buisness,2012,68.46,123,2
2.44,1,Buisness,1960,68.79,120,2
2.08,16,Buisness,1966,66.11,125,1
2.03,25,Buisness,1968,68.44,120,0
3.18,7,Buisness,1970,65.03,124,1
2.02,12,Buisness,1984,67.01,120,0
2.37,30,Buisness,2012,69.79,121,0
2.13,23,Buisness,1968,69.46,122,0
2.78,38,Buisness,1974,69.03,123,0
2.45,7,Buisness,1980,69.46,120,0
2.71,8,Buisness,1986,68.89,122,2
2.39,8,Buisness,2006,68.18,125,2
2.47,20,Buisness,1966,67.42,120,1
2.56,9,Buisness,1984,69.62,121,0
1.62,19,Buisness,1986,66.56,124,0
2.26,35,Buisness,1988,69.83,122,1
2.05,13,Buisness,1990,67.13,124,1
2.08,16,Buisness,1996,67,120,1
2.06,43,Buisness,2004,69.72,122,0
2.59,3,Buisness,1964,70.01,122,0
3.05,25,Buisness,1970,70.11,122,4
2.4,32,Buisness,1978,67.84,128,0
2.96,47,Buisness,1980,66.94,125,1
2.49,51,Buisness,1982,66.13,122,1
2.69,20,Buisness,1984,65.17,125,2
2.49,12,Buisness,1986,66.6,122,1
2.42,43,Buisness,1996,70.44,120,0
2.08,9,Buisness,2006,71.99,121,1
3.09,71,Buisness,2012,69.93,121,4
2.02,32,Buisness,1970,67.2,121,0
3.08,2,Buisness,1990,64.67,121,0
2.69,1,Buisness,2006,63.9,123,0
2.57,13,Buisness,2014,71.26,121,6
2.55,33,Buisness,1968,63.35,120,1
2.98,25,Buisness,1980,66.15,121,0
2.35,6,Buisness,1984,71.33,121,2
2.56,23,Buisness,1988,70.04,121,0
2.87,38,Buisness,1992,66.6,120,0
2.68,16,Buisness,2000,71.71,121,2
2.01,5,Buisness,2006,67.94,120,2
2.22,47,Buisness,1960,64.99,122,1
2.26,12,Buisness,1980,65.18,124,3
3.08,6,Buisness,1986,66.08,125,1
2.63,53,Buisness,1990,63.43,120,1
2.15,6,Buisness,1992,67.47,124,1
3.69,11,Buisness,1996,67.88,122,5
2.76,25,Buisness,1969,67.89,120,1
2.41,7,Buisness,1991,68.76,120,1
2.56,0,Buisness,1995,68.65,120,1
2.43,4,Buisness,2015,68.81,121,0
2.49,7,Buisness,1967,70.36,121,1
2.16,25,Buisness,1973,69.1,120,2
3.09,7,Buisness,1981,69.35,120,0
2.35,25,Buisness,1983,70.21,120,4
2.28,14,Buisness,1987,69.68,126,3
2.76,2,Buisness,1999,67.32,120,2
3.01,46,Buisness,2003,67.57,120,0
3.07,8,Buisness,2013,64.79,124,2
2.35,16,Buisness,1965,72.55,123,0
2.36,29,Buisness,1969,69.25,121,2
1.87,36,Buisness,1993,69.55,123,1
2.07,17,Buisness,1997,67.53,123,0
2.49,5,Buisness,1999,68.09,121,0
2.2,11,Buisness,2001,68.64,124,0
1.99,14,Buisness,1963,66.7,124,0
1.83,1,Buisness,1965,68.51,120,0
2.54,6,Buisness,1975,66.8,120,1
2.5,11,Buisness,1983,65.88,125,1
2.7,0,Buisness,1995,69.79,120,2
2.54,9,Buisness,1999,67.82,121,1
1.77,4,Buisness,1971,71.11,121,0
2.84,26,Buisness,1973,69.5,128,2
2.52,11,Buisness,1975,69.4,121,1
2.09,42,Buisness,1987,72.04,122,0
3.25,36,Buisness,1995,69.38,125,0
2.2,30,Buisness,2005,67.47,120,2
2.34,2,Buisness,2009,65.43,120,1
3.12,3,Buisness,2011,65.89,121,0
2.63,9,Buisness,2013,68.62,120,2
2.19,8,Buisness,1963,68.37,121,1
2.06,15,Buisness,1965,70.14,125,2
2.25,61,Buisness,1967,68.58,120,1
2.64,103,Buisness,1969,69,123,0
2.16,10,Buisness,1983,67.35,121,4
2.41,9,Buisness,1985,68.45,125,0
2.4,24,Buisness,1987,68.08,124,1
3,24,Buisness,1993,67.7,120,2
1.85,4,Buisness,2001,66.32,120,2
2.75,23,Buisness,1963,66.87,124,1
2.57,32,Buisness,1965,65.94,123,1
1.87,29,Buisness,1967,68.18,120,0
2.76,22,Buisness,1975,69.52,121,0
2.7,1,Buisness,1983,64.19,120,3
2.35,7,Buisness,1989,71.46,121,0
3.07,5,Buisness,2009,66.37,125,1
1.89,56,Buisness,1963,66.87,120,0
2.6,1,Buisness,1971,68.23,122,0
1.76,18,Buisness,1975,69.44,121,0
2.03,6,Buisness,1981,68.76,121,0
1.9,2,Buisness,1993,67.25,121,0
2.26,18,Buisness,1977,66.74,120,1
2.01,14,Buisness,1993,66.14,120,2
2.78,24,Buisness,1999,66.54,121,0
2.48,8,Buisness,2001,67.82,123,2
2.37,2,Buisness,2005,64.93,120,0
2.63,32,Buisness,1977,66.49,121,0
2.05,1,Buisness,1991,69.19,120,1
2.94,43,Buisness,1995,69.74,127,0
2.84,6,Buisness,1997,64.89,123,1
2.63,18,Buisness,2005,68.51,121,0
1.94,40,Buisness,2013,65.88,121,1
2.33,34,Buisness,1975,69.13,122,1
2.27,52,Buisness,1981,67.48,123,0
2.6,0,Buisness,1995,68.74,121,0
2.8,37,Buisness,2001,71.15,122,2
2.75,47,Buisness,2009,69.75,120,0
3.42,16,Buisness,1985,68.9,123,1
2.36,4,Buisness,1991,68.3,125,1
2.53,65,Buisness,1995,64.63,120,0
2.14,2,Buisness,1999,67.81,121,0
3.35,65,Buisness,2005,66.78,120,0
2.96,43,Buisness,2013,67.18,120,1
3.17,20,Buisness,1965,68.32,120,1
2.97,36,Buisness,1987,67.8,122,4
2.52,9,Buisness,1993,66.08,124,1
1.98,19,Buisness,1997,66.98,121,0
2.71,45,Buisness,2001,64.79,126,1
2.54,8,Buisness,2009,67.31,121,0
2.74,48,Buisness,1961,68.17,121,1
2.39,1,Buisness,1967,66.44,121,1
3.41,13,Buisness,1969,66.54,124,0
3.13,67,Buisness,1979,69.58,122,1
2.28,4,Buisness,1995,69.82,123,2
2.6,1,Buisness,2001,66.76,122,0
2.05,34,Buisness,2003,68.64,122,1
2.6,11,Buisness,2009,70.23,124,1
2.25,7,Buisness,1979,68.2,122,1
3.04,7,Buisness,1981,70.2,120,4
1.97,21,Buisness,1983,70.93,120,2
2.14,5,Buisness,1987,64.74,120,1
3.63,79,Buisness,1989,68.04,126,1
3.13,8,Buisness,1995,68.84,123,2
2.33,5,Buisness,1999,68.76,121,2
2.62,18,Buisness,2003,72.17,121,1
2.06,15,Buisness,2011,70.17,121,1
2.55,9,Buisness,2013,71.8,121,0
1.81,19,Buisness,2015,66.52,122,1
1.6,10,Buisness,1967,68.68,120,1
2.31,17,Buisness,1971,70.53,124,2
1.5,0,Buisness,1977,67.44,121,2
2.5,3,Buisness,1983,67.36,121,1
2.56,106,Buisness,1989,67.43,122,0
3.06,6,Buisness,1995,69.91,121,1
2.43,0,Buisness,2011,66.12,120,0
2.12,5,Buisness,1963,66.89,122,1
3.14,13,Buisness,1969,65.97,123,1
1.44,9,Buisness,1975,66.87,122,0
2.03,8,Buisness,2011,68.51,120,0
2.7,15,Buisness,1973,69.07,121,1
2.75,22,Buisness,1977,66.05,122,0
2.53,2,Buisness,1993,67.27,121,0
2.17,13,Buisness,1999,67.44,123,0
1.95,12,Buisness,2001,68.04,123,0
2.58,33,Other,2011,67.42,121,0
2.26,19,Other,1988,66.92,126,0
2.81,9,Other,1992,68.56,120,0
3.59,15,Other,1965,69.67,122,1
2.38,30,Other,1968,65.6,122,3
1.79,13,Other,1987,70.8,121,0
2.93,65,Other,1978,66.62,121,0
2.63,7,Other,1995,71.19,121,0
1.94,27,Other,1974,66.7,122,4
2.4,7,Other,1972,69.37,120,1
2.32,21,Other,1981,68.82,121,0
2.67,1,Other,1973,73.41,126,1
1.58,7,Other,1978,68.22,121,0
2.88,17,Other,1988,68.98,122,1
2.83,8,Other,1983,70.69,121,2
2.32,11,Other,2008,68.51,124,2
2.23,21,Other,1976,67.11,122,2
2.36,12,Other,1962,67.72,123,0
2.78,13,Other,1967,68.79,122,0
2.76,21,Other,2010,68.59,123,3
3.44,54,Other,1999,63.94,120,1
2.71,2,Other,1970,69.48,124,2
2.22,5,Other,1975,67.74,123,0
2.51,54,Other,2004,69.14,122,0
2.15,44,Other,1988,67.34,125,0
2.9,25,Other,1964,67.03,120,0
2.94,20,Other,1969,65.63,124,1
2.52,19,Other,1977,69.5,122,1
2.16,37,Other,1972,66.3,121,0
2.74,24,Other,1966,70.22,122,3
2.93,0,Other,1974,70.95,122,0
2.28,20,Other,1974,70.77,120,3
2.24,50,Other,1970,67.2,121,1
1.96,29,Other,2009,68.46,120,2
2.6,4,Other,1964,68.28,120,1
1.76,35,Other,1973,69.13,130,0
2.71,35,Other,1978,68.21,121,0
2.29,35,Other,2009,66.84,123,1
3.09,19,Other,1995,71.04,120,2
1.77,54,Other,2003,65.67,125,2
2.42,43,Other,1981,68.64,122,1
3.29,11,Other,1974,69.97,121,1
2.84,14,Other,2010,72.05,124,0
3.07,40,Other,1980,69.76,123,1
3.45,90,Other,1979,67.22,128,2
2.53,8,Other,1971,67.93,122,0
2.12,17,Other,1979,71.15,120,1
1.78,30,Other,1962,63.29,126,1
2.45,12,Other,1998,67.43,123,0
2.77,17,Other,2001,68.95,121,2
2.66,14,Other,2002,69.4,121,1
3.07,8,Other,1991,67.91,122,0
2.59,14,Other,2001,67.32,121,1
3.67,18,Other,2008,66.38,123,0
3.09,30,Other,1972,68.65,121,1
2.21,58,Other,1992,67.92,120,1
2.58,45,Other,1981,66.54,121,2
1.58,35,Other,1992,70.18,121,3
2.09,12,Other,1974,70.21,121,1
3.54,4,Other,1985,67.6,120,4
2.57,22,Other,1980,68.99,120,1
2.82,15,Other,1986,69.84,122,1
2.62,39,Other,2010,67.61,129,0
2.85,2,Other,1983,68.14,120,0
2.04,33,Other,1997,67.51,123,2
2.31,3,Other,1985,70.7,123,1
1.69,14,Other,1971,66.83,120,0
2.68,14,Other,1961,68.85,120,2
2.81,42,Other,1970,67.19,122,2
2.7,6,Other,2003,64.18,120,0
2.53,25,Other,2015,69.35,122,0
2.65,2,Other,1975,69.01,123,0
2.75,3,Other,1966,67.49,120,0
2.29,5,Other,2011,66.74,121,2
2.34,1,Other,1975,64.12,120,1
1.73,21,Other,1986,63.93,120,0
3.22,5,Other,1976,71.03,122,2
2.65,12,Other,1969,69.2,122,0
2.88,26,Other,1993,69.07,121,0
2.28,21,Other,1987,67.57,121,2
2.17,17,Other,1962,68.2,121,1
2.38,17,Other,1970,63.71,125,1
2.48,15,Other,1972,65.89,122,0
2.82,29,Other,1972,70.78,121,1
2.55,20,Other,2010,64.98,121,0
2.32,10,Other,1993,66.43,121,0
2.71,30,Other,1981,67.24,120,1
2.53,6,Other,2015,69.95,124,0
2.57,2,Other,2003,67.88,121,1
1.91,10,Other,2012,70.53,120,0
2.66,19,Other,2011,67.69,122,2
1.79,23,Other,2003,71.12,124,1
2.44,11,Other,1979,69.17,126,1
3.7,20,Other,2009,67.38,120,0
2.44,11,Other,1971,67.04,120,1
2.57,15,Other,1995,68.43,121,2
2.9,0,Other,2002,66.86,121,2
2.88,1,Other,2005,69.08,120,0
2.92,30,Other,1969,68.9,120,4
2.27,1,Other,1978,67.71,122,1
2.45,2,Other,1964,66.04,121,0
2.37,46,Other,1974,69.75,122,0
2.14,41,Other,1999,66.69,125,1
2.01,9,Other,1988,66.56,120,1
2.96,40,Other,1962,69.62,122,0
3.06,1,Other,1964,68.72,121,0
2.67,24,Other,1995,67.97,121,1
2.97,4,Other,1964,68.76,127,1
3.02,1,Other,1987,70.36,122,2
2.7,8,Other,1993,68.4,120,1
2.35,11,Other,1988,67.8,122,1
3.06,10,Other,1993,72.5,122,2
1.39,21,Other,1993,68.42,120,0
2.57,47,Other,2005,67.44,122,2
2.59,37,Other,1998,69.51,121,1
1.8,51,Other,1972,66.08,120,2
2.68,14,Other,1993,68.22,128,1
2.23,0,Other,1961,67.62,124,1
2.4,1,Other,2011,70.24,124,2
1.82,10,Other,1989,68.54,125,0
2.67,0,Other,2006,68.94,129,1
2.44,3,Other,1975,67.3,120,1
2.26,48,Other,1991,68.9,122,0
3.36,5,Other,1995,69.73,121,0
2.66,51,Other,2005,68.05,123,0
2.67,4,Other,1967,69.88,120,1
2.15,1,Other,1974,70.31,121,1
2.25,6,Other,1981,68.4,121,2
2.35,58,Other,2015,70.07,122,0
2.08,1,Other,2013,71.49,126,0
2.07,31,Other,2006,67.07,121,4
2.84,32,Other,1993,65.89,125,0
3.14,16,Other,2015,67.24,122,0
2.41,9,Other,1984,71.34,121,5
2.18,10,Other,1980,70.37,121,2
2.54,0,Other,1992,70.16,123,2
2.93,25,Other,1990,68.02,122,0
3.66,35,Other,1969,70.6,125,2
3.06,48,Other,1961,65.14,124,1
2.28,59,Other,1983,70.1,120,3
2.55,12,Other,1978,69.09,121,0
2.64,5,Other,2002,66.63,122,2
3.01,19,Other,1984,67.6,120,2
2.58,42,Other,1962,69.59,120,2
2.64,1,Other,1981,71.54,120,1
2.79,34,Other,2015,72.99,120,1
2.27,39,Other,1982,70.6,122,3
2.84,19,Other,1969,68.11,121,2
2.72,10,Other,1981,64.48,124,3
2.16,14,Other,1978,70.36,124,2
2.38,3,Other,1980,65.68,122,1
2.8,21,Other,2015,68.78,122,1
2.3,2,Other,1994,69.18,123,5
2.68,25,Other,1986,68.97,120,0
2.75,44,Other,1971,67.67,122,0
3.07,17,Other,1994,67.86,121,1
1.5,5,Other,2007,67.48,120,0
2.23,18,Other,1988,70.73,122,0
2.42,60,Other,1965,68.16,122,1
1.91,6,Other,1998,68.24,122,2
2.41,2,Other,2011,68.15,121,0
2.54,30,Other,2014,68.61,122,0
2,15,Other,1994,65.21,121,2
2.1,49,Other,1974,68.42,124,0
2.22,4,Other,1974,70.81,123,1
2.46,30,Other,1971,64.86,125,2
2.74,1,Other,1987,67.99,121,2
2.66,9,Other,1999,66.05,124,1
1.81,20,Other,2015,69.34,124,0
2.28,1,Other,1989,66.77,120,3
2.66,4,Other,2006,65.52,125,1
2.89,9,Other,1982,65.18,125,0
1.76,2,Other,1976,69.35,120,1
2.94,17,Other,1967,64.71,121,3
1.46,1,Other,1977,68.97,121,2
1.8,0,Other,2010,66.58,122,0
2.43,8,Other,2012,65.33,123,0
3.25,17,Other,1979,67.95,126,0
2.28,10,Other,1996,65.67,121,0
2.46,7,Other,1996,68.94,121,0
2.17,0,Other,2012,67.94,120,1
2.49,62,Other,2000,66.89,121,3
2.82,4,Other,1989,67.03,122,1
2.79,1,Other,1989,66.8,120,1
1.72,42,Other,1974,67.01,124,1
2.17,41,Other,2011,66.5,121,1
2.6,11,Other,1983,66.65,122,0
2.04,4,Other,1978,69.8,123,0
2.44,7,Other,2000,67.24,121,1
2.34,5,Other,1972,67.56,121,2
1.84,12,Other,1976,67.96,120,2
1.89,3,Other,1987,68.75,121,1
2.76,8,Other,1989,65.69,122,1
2.47,49,Other,1991,67.59,123,0
2.2,27,Other,1966,67.49,121,2
2.7,0,Other,1962,67.36,123,2
3.07,2,Other,1963,67.54,128,1
3.18,2,Other,1968,65.66,121,1
2.64,30,Other,2012,69.07,123,1
2.24,38,Other,1973,68.05,121,0
2.96,8,Other,1982,68.21,121,0
1.98,2,Other,1994,67.21,127,0
2.46,2,Other,1977,67.28,121,0
2.44,24,Other,2006,68.15,121,0
2.2,10,Other,1966,68.63,121,3
2.14,11,Other,1976,69.09,120,0
2.68,49,Other,2007,68,122,1
2.58,32,Other,1999,67.07,121,0
1.9,3,Other,2015,70.38,121,0
2.42,13,Other,1997,67.12,120,2
2.87,84,Other,2014,67.2,120,2
2.49,54,Other,2006,71.57,120,1
2.42,13,Other,1987,66.41,121,2
2,12,Other,1963,69.6,121,3
2.71,33,Other,1972,68.55,121,0
2.64,11,Other,2001,65.84,121,2
2.57,45,Other,2003,67.58,127,0
2.13,5,Other,1966,71.16,120,1
2.52,3,Other,2011,66.01,121,1
1.82,39,Other,1994,67.62,120,0
3.18,0,Other,2003,67.19,125,0
2.29,11,Other,1975,69.42,121,0
2.53,11,Other,1970,70.47,120,1
2.31,29,Other,1979,69,121,3
3.16,22,Other,1987,66.85,122,0
1.56,76,Other,2002,66.11,121,0
1.98,2,Other,2009,66.99,121,1
2.57,7,Other,1996,66.75,121,1
2.15,4,Other,1970,67.89,126,1
2.51,31,Other,2010,67.44,121,0
1.94,28,Other,1978,66.91,126,2
2.08,7,Other,1993,64.54,121,0
2.72,2,Other,1974,66.02,124,0
2.72,25,Other,1966,67.8,122,2
3.44,6,Other,1996,67.59,121,1
2.14,2,Other,1998,67.45,123,0
2.35,19,Other,1967,67.66,123,0
2.53,41,Other,1961,65.49,120,1
2.3,93,Other,2010,70.38,122,2
2.71,9,Other,1985,68.12,123,1
3.24,8,Other,2005,69.77,120,1
2.51,25,Other,1966,65.5,122,0
2.26,14,Other,1994,62.19,121,2
2.98,7,Other,1985,66.57,122,0
2.1,32,Other,1982,68.45,121,0
1.93,7,Other,1999,67.28,122,0
2.62,20,Other,1986,67.8,121,0
1.99,37,Other,2004,66.71,121,0
2.41,13,Other,1998,67.98,123,1
2.73,25,Other,1968,67.06,122,3
2.27,39,Other,1975,71.2,124,3
1.75,45,Other,1979,67.48,120,1
2.15,4,Other,2001,65.56,124,1
2.4,0,Other,2006,68.13,124,0
2.49,68,Other,1990,67.72,121,2
2.57,16,Other,1975,71.51,120,0
2.64,12,Other,1964,72.08,121,1
2.75,59,Other,1980,64.95,120,0
1.95,11,Other,1981,70.81,121,1
